Time,Category,Message,
27.08.2026 23:30:00,Order,Order='2876450911/PA-APEX-240737-10' Name='Long1_2' New state='Accepted' Instrument='MNQ SEP26' Action='Buy' Limit price=29694.25 Stop price=29694.25 Quantity=1 Type='Stop Limit' Time in force=GTC Oco='' Filled=0 Fill price=0 Error='No error' Native error='',
27.08.2026 23:30:00,Order,Order='ba67cb3fbcd4479195333c5f840302d2/PA-APEX-240737-10' Name='Long1_2' New state='Submitted' Instrument='MNQ SEP26' Action='Buy' Limit price=29694.25 Stop price=29694.25 Quantity=1 Type='Stop Limit' Time in force=GTC Oco='' Filled=0 Fill price=0 Error='No error' Native error='',
27.08.2026 23:30:00,NinjaScript,NinjaScript strategy 'RRLongTimeWinStopLimitTPlimitGAPWindowRROffsetsSafeExitsRouted/250203020' submitting order,
27.08.2026 23:01:07,Connection,Market data failed for 'MNQ SEP26': 'get_order_book error : 13',
27.08.2026 23:01:07,Connection,Apex: Primary connection=Connected, Price feed=Connected,
27.08.2026 23:00:45,Default,Strategy 'RRLongTimeWinStopLimitTPlimitGAPWindowRROffsetsSafeExitsRouted/250203020' lost price connection but will keep running.,
27.08.2026 23:00:45,Default,Strategy 'RRLongTimeWinStopLimitTPlimitGAPWindowRROffsetsSafeExitsRouted/250203022' lost price connection but will keep running.,
27.08.2026 23:00:45,Default,Strategy 'RRLongTimeWinStopLimitTPlimitGAPWindowRROffsetsSafeExitsRouted/250203021' lost price connection but will keep running.,
27.08.2026 23:00:45,Default,Strategy 'RRLongTimeWinStopLimitTPlimitGAPWindowRROffsetsSafeExitsRouted/250203019' lost price connection but will keep running.,
27.08.2026 23:00:45,Default,Strategy 'RRLongTimeWinStopLimitTPlimitGAPWindowRROffsetsSafeExitsRouted/250203024' lost price connection but will keep running.,
27.08.2026 23:00:45,Default,Strategy 'RRLongTimeWinStopLimitTPlimitGAPWindowRROffsetsSafeExitsRouted/250203023' lost price connection but will keep running.,
27.08.2026 23:00:45,Connection,Apex: Primary connection=Connected, Price feed=Connection lost,
27.08.2026 22:34:15,Order,Order='2876405629/PA-APEX-240737-09' Name='StopLimit_1' New state='Accepted' Instrument='MNQ SEP26' Action='Sell' Limit price=29526.5 Stop price=29526.5 Quantity=1 Type='Stop Limit' Time in force=GTC Oco='' Filled=0 Fill price=0 Error='No error' Native error='',
27.08.2026 22:34:15,Order,Order='9f80e0ea4ebd436c9725588f935f05b5/PA-APEX-240737-09' Name='StopLimit_1' New state='Submitted' Instrument='MNQ SEP26' Action='Sell' Limit price=29526.5 Stop price=29526.5 Quantity=1 Type='Stop Limit' Time in force=GTC Oco='' Filled=0 Fill price=0 Error='No error' Native error='',
27.08.2026 22:34:15,NinjaScript,NinjaScript strategy 'RRLongTimeWinStopLimitTPlimitGAPWindowRROffsetsSafeExitsRouted/250203019' submitting order,
27.08.2026 22:34:15,Execution,Execution='1791059|2876227586|2876227586' Instrument='MNQ SEP26' Account='PA-APEX-240737-09' Exchange=Globex Price=29622.25 Quantity=1 Market position=Long Operation=Operation_Add Order='2876227586' Time='8.27.2026 10:34 PM',
27.08.2026 22:34:15,Order,Order='2876227586/PA-APEX-240737-09' Name='Long1_1' New state='Filled' Instrument='MNQ SEP26' Action='Buy' Limit price=29622.25 Stop price=29622.25 Quantity=1 Type='Stop Limit' Time in force=GTC Oco='' Filled=1 Fill price=29622.25 Error='No error' Native error='',
27.08.2026 22:34:15,Order,Order='2876227586/PA-APEX-240737-09' Name='Long1_1' New state='Working' Instrument='MNQ SEP26' Action='Buy' Limit price=29622.25 Stop price=29622.25 Quantity=1 Type='Stop Limit' Time in force=GTC Oco='' Filled=0 Fill price=0 Error='No error' Native error='',
27.08.2026 22:34:15,Position,Instrument='MNQ SEP26' Account='PA-APEX-240737-09' Average price=29622.25 Quantity=1 Market position=Long Operation=Operation_Add,
27.08.2026 21:30:00,Order,Order='2876227586/PA-APEX-240737-09' Name='Long1_1' New state='Accepted' Instrument='MNQ SEP26' Action='Buy' Limit price=29622.25 Stop price=29622.25 Quantity=1 Type='Stop Limit' Time in force=GTC Oco='' Filled=0 Fill price=0 Error='No error' Native error='',
27.08.2026 21:30:00,Order,Order='2876227586/PA-APEX-240737-09' Name='Long1_1' New state='Change submitted' Instrument='MNQ SEP26' Action='Buy' Limit price=29622.25 Stop price=29622.25 Quantity=1 Type='Stop Limit' Time in force=GTC Oco='' Filled=0 Fill price=0 Error='No error' Native error='',
27.08.2026 21:10:46,Execution,Execution='1776130|2876288869|2876288869' Instrument='MNQ SEP26' Account='PA-APEX-240737-10' Exchange=Globex Price=29573 Quantity=1 Market position=Short Operation=Operation_Add Order='2876288869' Time='8.27.2026 9:10 PM',
27.08.2026 21:10:46,Order,Order='2876288869/PA-APEX-240737-10' Name='StopLimit_2' New state='Filled' Instrument='MNQ SEP26' Action='Sell' Limit price=29573 Stop price=29573 Quantity=1 Type='Stop Limit' Time in force=GTC Oco='' Filled=1 Fill price=29573 Error='No error' Native error='',
27.08.2026 21:10:46,Order,Order='2876288869/PA-APEX-240737-10' Name='StopLimit_2' New state='Working' Instrument='MNQ SEP26' Action='Sell' Limit price=29573 Stop price=29573 Quantity=1 Type='Stop Limit' Time in force=GTC Oco='' Filled=0 Fill price=0 Error='No error' Native error='',
27.08.2026 21:10:46,Execution,Execution='1774524|2876285310|2876285310' Instrument='MNQ SEP26' Account='PA-APEX-240737-10' Exchange=Globex Price=29573 Quantity=1 Market position=Short Operation=Operation_Add Order='2876285310' Time='8.27.2026 9:10 PM',
27.08.2026 21:10:46,Order,Order='2876285310/PA-APEX-240737-10' Name='StopLimit_2' New state='Filled' Instrument='MNQ SEP26' Action='Sell' Limit price=29573 Stop price=29573 Quantity=1 Type='Stop Limit' Time in force=GTC Oco='' Filled=1 Fill price=29573 Error='No error' Native error='',
27.08.2026 21:10:46,Position,Instrument='MNQ SEP26' Account='PA-APEX-240737-10' Average price=29581 Quantity=1 Market position=Flat Operation=Remove,
27.08.2026 21:10:46,Position,Instrument='MNQ SEP26' Account='PA-APEX-240737-10' Average price=29581 Quantity=1 Market position=Long Operation=Update,
27.08.2026 21:10:46,Order,Order='2876285310/PA-APEX-240737-10' Name='StopLimit_2' New state='Working' Instrument='MNQ SEP26' Action='Sell' Limit price=29573 Stop price=29573 Quantity=1 Type='Stop Limit' Time in force=GTC Oco='' Filled=0 Fill price=0 Error='No error' Native error='',
27.08.2026 21:10:46,Order,Order='2876156350/PA-APEX-240737-10' Name='StopLimit_2' New state='Filled' Instrument='MNQ SEP26' Action='Sell' Limit price=29573 Stop price=29573 Quantity=1 Type='Stop Limit' Time in force=GTC Oco='' Filled=1 Fill price=29573 Error='No error' Native error='',
27.08.2026 21:10:46,Execution,Execution='1774943|2876156350|2876156350' Instrument='MNQ SEP26' Account='PA-APEX-240737-10' Exchange=Globex Price=29573 Quantity=1 Market position=Short Operation=Operation_Add Order='2876156350' Time='8.27.2026 9:10 PM',
27.08.2026 21:10:46,Order,Order='2876156350/PA-APEX-240737-10' Name='StopLimit_2' New state='Working' Instrument='MNQ SEP26' Action='Sell' Limit price=29573 Stop price=29573 Quantity=1 Type='Stop Limit' Time in force=GTC Oco='' Filled=0 Fill price=0 Error='No error' Native error='',
27.08.2026 21:10:46,Position,Instrument='MNQ SEP26' Account='PA-APEX-240737-10' Average price=29584.75 Quantity=2 Market position=Long Operation=Update,
27.08.2026 21:10:31,Order,Order='2876288869/PA-APEX-240737-10' Name='StopLimit_2' New state='Accepted' Instrument='MNQ SEP26' Action='Sell' Limit price=29573 Stop price=29573 Quantity=1 Type='Stop Limit' Time in force=GTC Oco='' Filled=0 Fill price=0 Error='No error' Native error='',
27.08.2026 21:10:31,Order,Order='ea73d4e65d9747af811983a1e6e035a8/PA-APEX-240737-10' Name='StopLimit_2' New state='Submitted' Instrument='MNQ SEP26' Action='Sell' Limit price=29573 Stop price=29573 Quantity=1 Type='Stop Limit' Time in force=GTC Oco='' Filled=0 Fill price=0 Error='No error' Native error='',
27.08.2026 21:10:28,Execution,Execution='1777622|2876288823|2876288823' Instrument='MNQ SEP26' Account='PA-APEX-240737-10' Exchange=Globex Price=29581 Quantity=1 Market position=Long Operation=Operation_Add Order='2876288823' Time='8.27.2026 9:10 PM',
27.08.2026 21:10:28,Order,Order='2876288823/PA-APEX-240737-10' Name='' New state='Filled' Instrument='MNQ SEP26' Action='Buy' Limit price=29581 Stop price=0 Quantity=1 Type='Limit' Time in force=DAY Oco='' Filled=1 Fill price=29581 Error='No error' Native error='',
27.08.2026 21:10:28,Order,Order='2876288823/PA-APEX-240737-10' Name='' New state='Working' Instrument='MNQ SEP26' Action='Buy' Limit price=29581 Stop price=0 Quantity=1 Type='Limit' Time in force=DAY Oco='' Filled=0 Fill price=0 Error='No error' Native error='',
27.08.2026 21:10:28,Order,Order='2876288823/PA-APEX-240737-10' Name='' New state='Accepted' Instrument='MNQ SEP26' Action='Buy' Limit price=29581 Stop price=0 Quantity=1 Type='Limit' Time in force=DAY Oco='' Filled=0 Fill price=0 Error='No error' Native error='',
27.08.2026 21:10:28,Position,Instrument='MNQ SEP26' Account='PA-APEX-240737-10' Average price=29601.33333333 Quantity=3 Market position=Long Operation=Update,
27.08.2026 21:10:28,Order,Order='80ebda5620084039ab7acd2e01548ab2/PA-APEX-240737-10' Name='' New state='Submitted' Instrument='MNQ SEP26' Action='Buy' Limit price=29581 Stop price=0 Quantity=1 Type='Limit' Time in force=DAY Oco='' Filled=0 Fill price=0 Error='No error' Native error='',
27.08.2026 21:10:28,Order,Chart Trader submitting order without strategy,
27.08.2026 21:07:17,Order,Order='2876285310/PA-APEX-240737-10' Name='StopLimit_2' New state='Accepted' Instrument='MNQ SEP26' Action='Sell' Limit price=29573 Stop price=29573 Quantity=1 Type='Stop Limit' Time in force=GTC Oco='' Filled=0 Fill price=0 Error='No error' Native error='',
27.08.2026 21:07:17,Order,Order='b1db94775f2e490db125c62b758f8ae8/PA-APEX-240737-10' Name='StopLimit_2' New state='Submitted' Instrument='MNQ SEP26' Action='Sell' Limit price=29573 Stop price=29573 Quantity=1 Type='Stop Limit' Time in force=GTC Oco='' Filled=0 Fill price=0 Error='No error' Native error='',
27.08.2026 21:07:14,Execution,Execution='1774015|2876285249|2876285249' Instrument='MNQ SEP26' Account='PA-APEX-240737-10' Exchange=Globex Price=29588.5 Quantity=1 Market position=Long Operation=Operation_Add Order='2876285249' Time='8.27.2026 9:07 PM',
27.08.2026 21:07:14,Order,Order='2876285249/PA-APEX-240737-10' Name='' New state='Filled' Instrument='MNQ SEP26' Action='Buy' Limit price=29588.5 Stop price=0 Quantity=1 Type='Limit' Time in force=DAY Oco='' Filled=1 Fill price=29588.5 Error='No error' Native error='',
27.08.2026 21:07:14,Position,Instrument='MNQ SEP26' Account='PA-APEX-240737-10' Average price=29611.5 Quantity=2 Market position=Long Operation=Update,
27.08.2026 21:07:10,Order,Order='2876285249/PA-APEX-240737-10' Name='' New state='Working' Instrument='MNQ SEP26' Action='Buy' Limit price=29588.5 Stop price=0 Quantity=1 Type='Limit' Time in force=DAY Oco='' Filled=0 Fill price=0 Error='No error' Native error='',
27.08.2026 21:07:10,Order,Order='2876285249/PA-APEX-240737-10' Name='' New state='Accepted' Instrument='MNQ SEP26' Action='Buy' Limit price=29588.5 Stop price=0 Quantity=1 Type='Limit' Time in force=DAY Oco='' Filled=0 Fill price=0 Error='No error' Native error='',
27.08.2026 21:07:10,Order,Order='31a6c1e3493d4dae9cd2d5058fd10fc2/PA-APEX-240737-10' Name='' New state='Submitted' Instrument='MNQ SEP26' Action='Buy' Limit price=29588.5 Stop price=0 Quantity=1 Type='Limit' Time in force=DAY Oco='' Filled=0 Fill price=0 Error='No error' Native error='',
27.08.2026 21:07:10,Order,Chart Trader submitting order without strategy,
27.08.2026 21:00:00,Order,Order='2876227586/PA-APEX-240737-09' Name='Long1_1' New state='Accepted' Instrument='MNQ SEP26' Action='Buy' Limit price=29659 Stop price=29659 Quantity=1 Type='Stop Limit' Time in force=GTC Oco='' Filled=0 Fill price=0 Error='No error' Native error='',
27.08.2026 20:59:59,Order,Order='2876227586/PA-APEX-240737-09' Name='Long1_1' New state='Change submitted' Instrument='MNQ SEP26' Action='Buy' Limit price=29659 Stop price=29659 Quantity=1 Type='Stop Limit' Time in force=GTC Oco='' Filled=0 Fill price=0 Error='No error' Native error='',
27.08.2026 20:30:00,Order,Order='2876227586/PA-APEX-240737-09' Name='Long1_1' New state='Accepted' Instrument='MNQ SEP26' Action='Buy' Limit price=29678.25 Stop price=29678.25 Quantity=1 Type='Stop Limit' Time in force=GTC Oco='' Filled=0 Fill price=0 Error='No error' Native error='',
27.08.2026 20:30:00,Order,Order='2621219de2be4a5f9e8fa914f46fa6e2/PA-APEX-240737-09' Name='Long1_1' New state='Submitted' Instrument='MNQ SEP26' Action='Buy' Limit price=29678.25 Stop price=29678.25 Quantity=1 Type='Stop Limit' Time in force=GTC Oco='' Filled=0 Fill price=0 Error='No error' Native error='',
27.08.2026 20:30:00,NinjaScript,NinjaScript strategy 'RRLongTimeWinStopLimitTPlimitGAPWindowRROffsetsSafeExitsRouted/250203019' submitting order,
27.08.2026 19:38:01,Order,Order='2876156350/PA-APEX-240737-10' Name='StopLimit_2' New state='Accepted' Instrument='MNQ SEP26' Action='Sell' Limit price=29573 Stop price=29573 Quantity=1 Type='Stop Limit' Time in force=GTC Oco='' Filled=0 Fill price=0 Error='No error' Native error='',
27.08.2026 19:38:01,Position,Instrument='MNQ SEP26' Account='PA-APEX-240737-10' Average price=29634.5 Quantity=1 Market position=Long Operation=Operation_Add,
27.08.2026 19:38:01,Order,Order='e9308179bd6f49f99aef593a48321829/PA-APEX-240737-10' Name='StopLimit_2' New state='Submitted' Instrument='MNQ SEP26' Action='Sell' Limit price=29573 Stop price=29573 Quantity=1 Type='Stop Limit' Time in force=GTC Oco='' Filled=0 Fill price=0 Error='No error' Native error='',
27.08.2026 19:38:01,Order,Order='2875990636/PA-APEX-240737-10' Name='Long1_2' New state='Filled' Instrument='MNQ SEP26' Action='Buy' Limit price=29634.5 Stop price=29634.5 Quantity=1 Type='Stop Limit' Time in force=GTC Oco='' Filled=1 Fill price=29634.5 Error='No error' Native error='',
27.08.2026 19:38:01,NinjaScript,NinjaScript strategy 'RRLongTimeWinStopLimitTPlimitGAPWindowRROffsetsSafeExitsRouted/250203020' submitting order,
27.08.2026 19:38:01,Execution,Execution='1757264|2875990636|2875990636' Instrument='MNQ SEP26' Account='PA-APEX-240737-10' Exchange=Globex Price=29634.5 Quantity=1 Market position=Long Operation=Operation_Add Order='2875990636' Time='8.27.2026 7:38 PM',
27.08.2026 19:38:01,Order,Order='2875990636/PA-APEX-240737-10' Name='Long1_2' New state='Working' Instrument='MNQ SEP26' Action='Buy' Limit price=29634.5 Stop price=29634.5 Quantity=1 Type='Stop Limit' Time in force=GTC Oco='' Filled=0 Fill price=0 Error='No error' Native error='',
27.08.2026 18:44:03,Execution,Execution='1739515|2875917345|2875917345' Instrument='MNQ SEP26' Account='PA-APEX-240737-09' Exchange=Globex Price=29531.75 Quantity=1 Market position=Short Operation=Operation_Add Order='2875917345' Time='8.27.2026 6:44 PM',
27.08.2026 18:44:03,Order,Order='2875917345/PA-APEX-240737-09' Name='StopLimit_1' New state='Filled' Instrument='MNQ SEP26' Action='Sell' Limit price=29531.75 Stop price=29531.75 Quantity=1 Type='Stop Limit' Time in force=GTC Oco='' Filled=1 Fill price=29531.75 Error='No error' Native error='',
27.08.2026 18:44:03,Position,Instrument='MNQ SEP26' Account='PA-APEX-240737-09' Average price=29611 Quantity=1 Market position=Flat Operation=Remove,
27.08.2026 18:44:03,Order,Order='2875917345/PA-APEX-240737-09' Name='StopLimit_1' New state='Working' Instrument='MNQ SEP26' Action='Sell' Limit price=29531.75 Stop price=29531.75 Quantity=1 Type='Stop Limit' Time in force=GTC Oco='' Filled=0 Fill price=0 Error='No error' Native error='',
27.08.2026 18:30:00,Order,Order='2875990636/PA-APEX-240737-10' Name='Long1_2' New state='Accepted' Instrument='MNQ SEP26' Action='Buy' Limit price=29634.5 Stop price=29634.5 Quantity=1 Type='Stop Limit' Time in force=GTC Oco='' Filled=0 Fill price=0 Error='No error' Native error='',
27.08.2026 18:30:00,Order,Order='7790bdbb291847b4a1077d8c2d1abff9/PA-APEX-240737-10' Name='Long1_2' New state='Submitted' Instrument='MNQ SEP26' Action='Buy' Limit price=29634.5 Stop price=29634.5 Quantity=1 Type='Stop Limit' Time in force=GTC Oco='' Filled=0 Fill price=0 Error='No error' Native error='',
27.08.2026 18:30:00,NinjaScript,NinjaScript strategy 'RRLongTimeWinStopLimitTPlimitGAPWindowRROffsetsSafeExitsRouted/250203020' submitting order,
27.08.2026 18:01:51,Order,Order='2875917345/PA-APEX-240737-09' Name='StopLimit_1' New state='Accepted' Instrument='MNQ SEP26' Action='Sell' Limit price=29531.75 Stop price=29531.75 Quantity=1 Type='Stop Limit' Time in force=GTC Oco='' Filled=0 Fill price=0 Error='No error' Native error='',
27.08.2026 18:01:51,Order,Order='07a76f832e1d4a39ad66d674089ff64a/PA-APEX-240737-09' Name='StopLimit_1' New state='Submitted' Instrument='MNQ SEP26' Action='Sell' Limit price=29531.75 Stop price=29531.75 Quantity=1 Type='Stop Limit' Time in force=GTC Oco='' Filled=0 Fill price=0 Error='No error' Native error='',
27.08.2026 18:01:51,NinjaScript,NinjaScript strategy 'RRLongTimeWinStopLimitTPlimitGAPWindowRROffsetsSafeExitsRouted/250203019' submitting order,
27.08.2026 18:01:51,Execution,Execution='1722621|2875911332|2875911332' Instrument='MNQ SEP26' Account='PA-APEX-240737-09' Exchange=Globex Price=29611 Quantity=1 Market position=Long Operation=Operation_Add Order='2875911332' Time='8.27.2026 6:01 PM',
27.08.2026 18:01:51,Order,Order='2875911332/PA-APEX-240737-09' Name='Long1_1' New state='Filled' Instrument='MNQ SEP26' Action='Buy' Limit price=29611 Stop price=29611 Quantity=1 Type='Stop Limit' Time in force=GTC Oco='' Filled=1 Fill price=29611 Error='No error' Native error='',
27.08.2026 18:01:51,Position,Instrument='MNQ SEP26' Account='PA-APEX-240737-09' Average price=29611 Quantity=1 Market position=Long Operation=Operation_Add,
27.08.2026 18:01:51,Order,Order='2875911332/PA-APEX-240737-09' Name='Long1_1' New state='Working' Instrument='MNQ SEP26' Action='Buy' Limit price=29611 Stop price=29611 Quantity=1 Type='Stop Limit' Time in force=GTC Oco='' Filled=0 Fill price=0 Error='No error' Native error='',
27.08.2026 18:00:00,Order,Order='2875911332/PA-APEX-240737-09' Name='Long1_1' New state='Accepted' Instrument='MNQ SEP26' Action='Buy' Limit price=29611 Stop price=29611 Quantity=1 Type='Stop Limit' Time in force=GTC Oco='' Filled=0 Fill price=0 Error='No error' Native error='',
27.08.2026 18:00:00,Order,Order='e83308894a894ed18edc37d9ca3739e9/PA-APEX-240737-09' Name='Long1_1' New state='Submitted' Instrument='MNQ SEP26' Action='Buy' Limit price=29611 Stop price=29611 Quantity=1 Type='Stop Limit' Time in force=GTC Oco='' Filled=0 Fill price=0 Error='No error' Native error='',
27.08.2026 18:00:00,NinjaScript,NinjaScript strategy 'RRLongTimeWinStopLimitTPlimitGAPWindowRROffsetsSafeExitsRouted/250203019' submitting order,
27.08.2026 17:28:34,Order,Order='2875765471/PA-APEX-240737-15' Name='StopLimit_6' New state='Accepted' Instrument='MNQ SEP26' Action='Sell' Limit price=29424 Stop price=29424 Quantity=1 Type='Stop Limit' Time in force=GTC Oco='' Filled=0 Fill price=0 Error='No error' Native error='',
27.08.2026 17:28:34,Position,Instrument='MNQ SEP26' Account='PA-APEX-240737-15' Average price=29605 Quantity=1 Market position=Long Operation=Operation_Add,
27.08.2026 17:28:34,Order,Order='2875608340/PA-APEX-240737-15' Name='Long1_6' New state='Filled' Instrument='MNQ SEP26' Action='Buy' Limit price=29605 Stop price=29605 Quantity=1 Type='Stop Limit' Time in force=GTC Oco='' Filled=1 Fill price=29605 Error='No error' Native error='',
27.08.2026 17:28:34,Order,Order='523b95447e3e4c268307f37b972b9e84/PA-APEX-240737-15' Name='StopLimit_6' New state='Submitted' Instrument='MNQ SEP26' Action='Sell' Limit price=29424 Stop price=29424 Quantity=1 Type='Stop Limit' Time in force=GTC Oco='' Filled=0 Fill price=0 Error='No error' Native error='',
27.08.2026 17:28:34,NinjaScript,NinjaScript strategy 'RRLongTimeWinStopLimitTPlimitGAPWindowRROffsetsSafeExitsRouted/250203024' submitting order,
27.08.2026 17:28:34,Execution,Execution='1705032|2875608340|2875608340' Instrument='MNQ SEP26' Account='PA-APEX-240737-15' Exchange=Globex Price=29605 Quantity=1 Market position=Long Operation=Operation_Add Order='2875608340' Time='8.27.2026 5:28 PM',
27.08.2026 17:27:02,Order,Order='2875608340/PA-APEX-240737-15' Name='Long1_6' New state='Working' Instrument='MNQ SEP26' Action='Buy' Limit price=29605 Stop price=29605 Quantity=1 Type='Stop Limit' Time in force=GTC Oco='' Filled=0 Fill price=0 Error='No error' Native error='',
27.08.2026 17:00:00,Order,Order='2875608340/PA-APEX-240737-15' Name='Long1_6' New state='Accepted' Instrument='MNQ SEP26' Action='Buy' Limit price=29605 Stop price=29605 Quantity=1 Type='Stop Limit' Time in force=GTC Oco='' Filled=0 Fill price=0 Error='No error' Native error='',
27.08.2026 17:00:00,Order,Order='c61624b3bb684a9c81366d597c42c8d2/PA-APEX-240737-15' Name='Long1_6' New state='Submitted' Instrument='MNQ SEP26' Action='Buy' Limit price=29605 Stop price=29605 Quantity=1 Type='Stop Limit' Time in force=GTC Oco='' Filled=0 Fill price=0 Error='No error' Native error='',
27.08.2026 17:00:00,NinjaScript,NinjaScript strategy 'RRLongTimeWinStopLimitTPlimitGAPWindowRROffsetsSafeExitsRouted/250203024' submitting order,
27.08.2026 16:31:44,Execution,Execution='1651323|2875363787|2875363787' Instrument='MNQ SEP26' Account='PA-APEX-240737-10' Exchange=Globex Price=29517.75 Quantity=1 Market position=Short Operation=Operation_Add Order='2875363787' Time='8.27.2026 4:31 PM',
27.08.2026 16:31:44,Order,Order='2875363787/PA-APEX-240737-10' Name='StopLimit_2' New state='Filled' Instrument='MNQ SEP26' Action='Sell' Limit price=29516 Stop price=29516 Quantity=1 Type='Stop Limit' Time in force=GTC Oco='' Filled=1 Fill price=29517.75 Error='No error' Native error='',
27.08.2026 16:31:44,Position,Instrument='MNQ SEP26' Account='PA-APEX-240737-10' Average price=29581.5 Quantity=1 Market position=Flat Operation=Remove,
27.08.2026 16:31:44,Order,Order='2875363787/PA-APEX-240737-10' Name='StopLimit_2' New state='Working' Instrument='MNQ SEP26' Action='Sell' Limit price=29516 Stop price=29516 Quantity=1 Type='Stop Limit' Time in force=GTC Oco='' Filled=0 Fill price=0 Error='No error' Native error='',
27.08.2026 16:30:48,Order,Order='2875363787/PA-APEX-240737-10' Name='StopLimit_2' New state='Accepted' Instrument='MNQ SEP26' Action='Sell' Limit price=29516 Stop price=29516 Quantity=1 Type='Stop Limit' Time in force=GTC Oco='' Filled=0 Fill price=0 Error='No error' Native error='',
27.08.2026 16:30:48,Order,Order='a8eebbc83b07460499973c2b760b0089/PA-APEX-240737-10' Name='StopLimit_2' New state='Submitted' Instrument='MNQ SEP26' Action='Sell' Limit price=29516 Stop price=29516 Quantity=1 Type='Stop Limit' Time in force=GTC Oco='' Filled=0 Fill price=0 Error='No error' Native error='',
27.08.2026 16:30:48,NinjaScript,NinjaScript strategy 'RRLongTimeWinStopLimitTPlimitGAPWindowRROffsetsSafeExitsRouted/250203020' submitting order,
27.08.2026 16:30:48,Execution,Execution='1654482|2875317940|2875317940' Instrument='MNQ SEP26' Account='PA-APEX-240737-10' Exchange=Globex Price=29581.5 Quantity=1 Market position=Long Operation=Operation_Add Order='2875317940' Time='8.27.2026 4:30 PM',
27.08.2026 16:30:48,Order,Order='2875317940/PA-APEX-240737-10' Name='Long1_2' New state='Filled' Instrument='MNQ SEP26' Action='Buy' Limit price=29581.5 Stop price=29581.5 Quantity=1 Type='Stop Limit' Time in force=GTC Oco='' Filled=1 Fill price=29581.5 Error='No error' Native error='',
27.08.2026 16:30:48,Position,Instrument='MNQ SEP26' Account='PA-APEX-240737-10' Average price=29581.5 Quantity=1 Market position=Long Operation=Operation_Add,
27.08.2026 16:30:48,Order,Order='2875317940/PA-APEX-240737-10' Name='Long1_2' New state='Working' Instrument='MNQ SEP26' Action='Buy' Limit price=29581.5 Stop price=29581.5 Quantity=1 Type='Stop Limit' Time in force=GTC Oco='' Filled=0 Fill price=0 Error='No error' Native error='',
27.08.2026 16:30:00,Execution,Execution='1651322|2875279496|2875279496' Instrument='MNQ SEP26' Account='PA-APEX-240737-09' Exchange=Globex Price=29514.5 Quantity=1 Market position=Short Operation=Operation_Add Order='2875279496' Time='8.27.2026 4:30 PM',
27.08.2026 16:30:00,Order,Order='2875279496/PA-APEX-240737-09' Name='StopLimit_1' New state='Filled' Instrument='MNQ SEP26' Action='Sell' Limit price=29514.5 Stop price=29514.5 Quantity=1 Type='Stop Limit' Time in force=GTC Oco='' Filled=1 Fill price=29514.5 Error='No error' Native error='',
27.08.2026 16:30:00,Position,Instrument='MNQ SEP26' Account='PA-APEX-240737-09' Average price=29588.5 Quantity=1 Market position=Flat Operation=Remove,
27.08.2026 16:30:00,Order,Order='2875279496/PA-APEX-240737-09' Name='StopLimit_1' New state='Working' Instrument='MNQ SEP26' Action='Sell' Limit price=29514.5 Stop price=29514.5 Quantity=1 Type='Stop Limit' Time in force=GTC Oco='' Filled=0 Fill price=0 Error='No error' Native error='',
27.08.2026 16:00:00,Order,Order='2875317940/PA-APEX-240737-10' Name='Long1_2' New state='Accepted' Instrument='MNQ SEP26' Action='Buy' Limit price=29581.5 Stop price=29581.5 Quantity=1 Type='Stop Limit' Time in force=GTC Oco='' Filled=0 Fill price=0 Error='No error' Native error='',
27.08.2026 16:00:00,Order,Order='69841c38a44f46bc9275b773e0a3109b/PA-APEX-240737-10' Name='Long1_2' New state='Submitted' Instrument='MNQ SEP26' Action='Buy' Limit price=29581.5 Stop price=29581.5 Quantity=1 Type='Stop Limit' Time in force=GTC Oco='' Filled=0 Fill price=0 Error='No error' Native error='',
27.08.2026 16:00:00,NinjaScript,NinjaScript strategy 'RRLongTimeWinStopLimitTPlimitGAPWindowRROffsetsSafeExitsRouted/250203020' submitting order,
27.08.2026 15:12:49,Order,Order='2875279496/PA-APEX-240737-09' Name='StopLimit_1' New state='Accepted' Instrument='MNQ SEP26' Action='Sell' Limit price=29514.5 Stop price=29514.5 Quantity=1 Type='Stop Limit' Time in force=GTC Oco='' Filled=0 Fill price=0 Error='No error' Native error='',
27.08.2026 15:12:49,Order,Order='5985440aa89746dba3af5e05dabffe38/PA-APEX-240737-09' Name='StopLimit_1' New state='Submitted' Instrument='MNQ SEP26' Action='Sell' Limit price=29514.5 Stop price=29514.5 Quantity=1 Type='Stop Limit' Time in force=GTC Oco='' Filled=0 Fill price=0 Error='No error' Native error='',
27.08.2026 15:12:49,NinjaScript,NinjaScript strategy 'RRLongTimeWinStopLimitTPlimitGAPWindowRROffsetsSafeExitsRouted/250203019' submitting order,
27.08.2026 15:12:49,Execution,Execution='1639952|2875252877|2875252877' Instrument='MNQ SEP26' Account='PA-APEX-240737-09' Exchange=Globex Price=29588.5 Quantity=1 Market position=Long Operation=Operation_Add Order='2875252877' Time='8.27.2026 3:12 PM',
27.08.2026 15:12:49,Order,Order='2875252877/PA-APEX-240737-09' Name='Long1_1' New state='Filled' Instrument='MNQ SEP26' Action='Buy' Limit price=29588.5 Stop price=29588.5 Quantity=1 Type='Stop Limit' Time in force=GTC Oco='' Filled=1 Fill price=29588.5 Error='No error' Native error='',
27.08.2026 15:12:49,Position,Instrument='MNQ SEP26' Account='PA-APEX-240737-09' Average price=29588.5 Quantity=1 Market position=Long Operation=Operation_Add,
27.08.2026 15:12:49,Order,Order='2875252877/PA-APEX-240737-09' Name='Long1_1' New state='Working' Instrument='MNQ SEP26' Action='Buy' Limit price=29588.5 Stop price=29588.5 Quantity=1 Type='Stop Limit' Time in force=GTC Oco='' Filled=0 Fill price=0 Error='No error' Native error='',
27.08.2026 15:00:00,Order,Order='2875252877/PA-APEX-240737-09' Name='Long1_1' New state='Accepted' Instrument='MNQ SEP26' Action='Buy' Limit price=29588.5 Stop price=29588.5 Quantity=1 Type='Stop Limit' Time in force=GTC Oco='' Filled=0 Fill price=0 Error='No error' Native error='',
27.08.2026 15:00:00,Order,Order='2875252877/PA-APEX-240737-09' Name='Long1_1' New state='Change submitted' Instrument='MNQ SEP26' Action='Buy' Limit price=29588.5 Stop price=29588.5 Quantity=1 Type='Stop Limit' Time in force=GTC Oco='' Filled=0 Fill price=0 Error='No error' Native error='',
27.08.2026 14:30:00,Order,Order='2875252877/PA-APEX-240737-09' Name='Long1_1' New state='Accepted' Instrument='MNQ SEP26' Action='Buy' Limit price=29630.25 Stop price=29630.25 Quantity=1 Type='Stop Limit' Time in force=GTC Oco='' Filled=0 Fill price=0 Error='No error' Native error='',
27.08.2026 14:30:00,Order,Order='13ed96edd93b4b69a26c9cd53f7ac61e/PA-APEX-240737-09' Name='Long1_1' New state='Submitted' Instrument='MNQ SEP26' Action='Buy' Limit price=29630.25 Stop price=29630.25 Quantity=1 Type='Stop Limit' Time in force=GTC Oco='' Filled=0 Fill price=0 Error='No error' Native error='',
27.08.2026 14:30:00,NinjaScript,NinjaScript strategy 'RRLongTimeWinStopLimitTPlimitGAPWindowRROffsetsSafeExitsRouted/250203019' submitting order,
27.08.2026 14:02:49,Order,Order='2875238727/PA-APEX-240737-09' Name='StopLimit_1' New state='Filled' Instrument='MNQ SEP26' Action='Sell' Limit price=29576 Stop price=29576 Quantity=1 Type='Stop Limit' Time in force=GTC Oco='' Filled=1 Fill price=29576 Error='No error' Native error='',
27.08.2026 14:02:49,Position,Instrument='MNQ SEP26' Account='PA-APEX-240737-09' Average price=29606 Quantity=1 Market position=Flat Operation=Remove,
27.08.2026 14:02:49,Execution,Execution='1634021|2875238727|2875238727' Instrument='MNQ SEP26' Account='PA-APEX-240737-09' Exchange=Globex Price=29576 Quantity=1 Market position=Short Operation=Operation_Add Order='2875238727' Time='8.27.2026 2:02 PM',
27.08.2026 14:02:49,Order,Order='2875238727/PA-APEX-240737-09' Name='StopLimit_1' New state='Working' Instrument='MNQ SEP26' Action='Sell' Limit price=29576 Stop price=29576 Quantity=1 Type='Stop Limit' Time in force=GTC Oco='' Filled=0 Fill price=0 Error='No error' Native error='',
27.08.2026 14:00:07,Order,Order='2875238727/PA-APEX-240737-09' Name='StopLimit_1' New state='Accepted' Instrument='MNQ SEP26' Action='Sell' Limit price=29576 Stop price=29576 Quantity=1 Type='Stop Limit' Time in force=GTC Oco='' Filled=0 Fill price=0 Error='No error' Native error='',
27.08.2026 14:00:07,Position,Instrument='MNQ SEP26' Account='PA-APEX-240737-09' Average price=29606 Quantity=1 Market position=Long Operation=Operation_Add,
27.08.2026 14:00:07,Order,Order='2875192885/PA-APEX-240737-09' Name='Long1_1' New state='Filled' Instrument='MNQ SEP26' Action='Buy' Limit price=29606.75 Stop price=29606.75 Quantity=1 Type='Stop Limit' Time in force=GTC Oco='' Filled=1 Fill price=29606 Error='No error' Native error='',
27.08.2026 14:00:07,Order,Order='18a90f768cba401e80f94d4b6f6bccc1/PA-APEX-240737-09' Name='StopLimit_1' New state='Submitted' Instrument='MNQ SEP26' Action='Sell' Limit price=29576 Stop price=29576 Quantity=1 Type='Stop Limit' Time in force=GTC Oco='' Filled=0 Fill price=0 Error='No error' Native error='',
27.08.2026 14:00:07,NinjaScript,NinjaScript strategy 'RRLongTimeWinStopLimitTPlimitGAPWindowRROffsetsSafeExitsRouted/250203019' submitting order,
27.08.2026 14:00:07,Execution,Execution='1636978|2875192885|2875192885' Instrument='MNQ SEP26' Account='PA-APEX-240737-09' Exchange=Globex Price=29606 Quantity=1 Market position=Long Operation=Operation_Add Order='2875192885' Time='8.27.2026 2:00 PM',
27.08.2026 14:00:07,Order,Order='2875192885/PA-APEX-240737-09' Name='Long1_1' New state='Working' Instrument='MNQ SEP26' Action='Buy' Limit price=29606.75 Stop price=29606.75 Quantity=1 Type='Stop Limit' Time in force=GTC Oco='' Filled=0 Fill price=0 Error='No error' Native error='',
27.08.2026 13:30:00,Order,Order='2875192885/PA-APEX-240737-09' Name='Long1_1' New state='Accepted' Instrument='MNQ SEP26' Action='Buy' Limit price=29606.75 Stop price=29606.75 Quantity=1 Type='Stop Limit' Time in force=GTC Oco='' Filled=0 Fill price=0 Error='No error' Native error='',
27.08.2026 13:30:00,Order,Order='2875192885/PA-APEX-240737-09' Name='Long1_1' New state='Change submitted' Instrument='MNQ SEP26' Action='Buy' Limit price=29606.75 Stop price=29606.75 Quantity=1 Type='Stop Limit' Time in force=GTC Oco='' Filled=0 Fill price=0 Error='No error' Native error='',
27.08.2026 12:30:00,Order,Order='2875192885/PA-APEX-240737-09' Name='Long1_1' New state='Accepted' Instrument='MNQ SEP26' Action='Buy' Limit price=29634 Stop price=29634 Quantity=1 Type='Stop Limit' Time in force=GTC Oco='' Filled=0 Fill price=0 Error='No error' Native error='',
27.08.2026 12:30:00,Order,Order='2875192885/PA-APEX-240737-09' Name='Long1_1' New state='Change submitted' Instrument='MNQ SEP26' Action='Buy' Limit price=29634 Stop price=29634 Quantity=1 Type='Stop Limit' Time in force=GTC Oco='' Filled=0 Fill price=0 Error='No error' Native error='',
27.08.2026 12:00:00,Order,Order='2875192885/PA-APEX-240737-09' Name='Long1_1' New state='Accepted' Instrument='MNQ SEP26' Action='Buy' Limit price=29661.25 Stop price=29661.25 Quantity=1 Type='Stop Limit' Time in force=GTC Oco='' Filled=0 Fill price=0 Error='No error' Native error='',
27.08.2026 12:00:00,Order,Order='5afd64449462474dabab383c70db57ee/PA-APEX-240737-09' Name='Long1_1' New state='Submitted' Instrument='MNQ SEP26' Action='Buy' Limit price=29661.25 Stop price=29661.25 Quantity=1 Type='Stop Limit' Time in force=GTC Oco='' Filled=0 Fill price=0 Error='No error' Native error='',
27.08.2026 12:00:00,NinjaScript,NinjaScript strategy 'RRLongTimeWinStopLimitTPlimitGAPWindowRROffsetsSafeExitsRouted/250203019' submitting order,
27.08.2026 11:30:02,Order,Order='2875157978/PA-APEX-240737-10' Name='StopLimit_2' New state='Cancelled' Instrument='MNQ SEP26' Action='Sell' Limit price=29499.25 Stop price=29499.25 Quantity=1 Type='Stop Limit' Time in force=GTC Oco='' Filled=0 Fill price=0 Error='No error' Native error='',
27.08.2026 11:30:01,Order,Order='2875178211/PA-APEX-240737-10' Name='RR_Limit_2' New state='Filled' Instrument='MNQ SEP26' Action='Sell' Limit price=29657.25 Stop price=0 Quantity=1 Type='Limit' Time in force=GTC Oco='' Filled=1 Fill price=29657.25 Error='No error' Native error='',
27.08.2026 11:30:01,Position,Instrument='MNQ SEP26' Account='PA-APEX-240737-10' Average price=29549.75 Quantity=1 Market position=Flat Operation=Remove,
27.08.2026 11:30:01,Order,Order='2875157978/PA-APEX-240737-10' Name='StopLimit_2' New state='Cancel submitted' Instrument='MNQ SEP26' Action='Sell' Limit price=29499.25 Stop price=29499.25 Quantity=1 Type='Stop Limit' Time in force=GTC Oco='' Filled=0 Fill price=0 Error='No error' Native error='',
27.08.2026 11:30:01,Execution,Execution='1627444|2875178211|2875178211' Instrument='MNQ SEP26' Account='PA-APEX-240737-10' Exchange=Globex Price=29657.25 Quantity=1 Market position=Short Operation=Operation_Add Order='2875178211' Time='8.27.2026 11:30 AM',
27.08.2026 11:30:00,Order,Order='2875178211/PA-APEX-240737-10' Name='RR_Limit_2' New state='Working' Instrument='MNQ SEP26' Action='Sell' Limit price=29657.25 Stop price=0 Quantity=1 Type='Limit' Time in force=GTC Oco='' Filled=0 Fill price=0 Error='No error' Native error='',
27.08.2026 11:30:00,Order,Order='2875178211/PA-APEX-240737-10' Name='RR_Limit_2' New state='Accepted' Instrument='MNQ SEP26' Action='Sell' Limit price=29657.25 Stop price=0 Quantity=1 Type='Limit' Time in force=GTC Oco='' Filled=0 Fill price=0 Error='No error' Native error='',
27.08.2026 11:30:00,Order,Order='d62ffa1fbbca4ed185d68503b7fa0526/PA-APEX-240737-10' Name='RR_Limit_2' New state='Submitted' Instrument='MNQ SEP26' Action='Sell' Limit price=29657.25 Stop price=0 Quantity=1 Type='Limit' Time in force=GTC Oco='' Filled=0 Fill price=0 Error='No error' Native error='',
27.08.2026 11:30:00,NinjaScript,NinjaScript strategy 'RRLongTimeWinStopLimitTPlimitGAPWindowRROffsetsSafeExitsRouted/250203020' submitting order,
27.08.2026 11:00:27,Order,Order='2875157978/PA-APEX-240737-10' Name='StopLimit_2' New state='Accepted' Instrument='MNQ SEP26' Action='Sell' Limit price=29499.25 Stop price=29499.25 Quantity=1 Type='Stop Limit' Time in force=GTC Oco='' Filled=0 Fill price=0 Error='No error' Native error='',
27.08.2026 11:00:27,Position,Instrument='MNQ SEP26' Account='PA-APEX-240737-10' Average price=29549.75 Quantity=1 Market position=Long Operation=Operation_Add,
27.08.2026 11:00:27,Order,Order='98c528a24244444a8351b9ce86b9b727/PA-APEX-240737-10' Name='StopLimit_2' New state='Submitted' Instrument='MNQ SEP26' Action='Sell' Limit price=29499.25 Stop price=29499.25 Quantity=1 Type='Stop Limit' Time in force=GTC Oco='' Filled=0 Fill price=0 Error='No error' Native error='',
27.08.2026 11:00:27,Order,Order='2875157607/PA-APEX-240737-10' Name='Long1_2' New state='Filled' Instrument='MNQ SEP26' Action='Buy' Limit price=29549.75 Stop price=29549.75 Quantity=1 Type='Stop Limit' Time in force=GTC Oco='' Filled=1 Fill price=29549.75 Error='No error' Native error='',
27.08.2026 11:00:27,NinjaScript,NinjaScript strategy 'RRLongTimeWinStopLimitTPlimitGAPWindowRROffsetsSafeExitsRouted/250203020' submitting order,
27.08.2026 11:00:27,Execution,Execution='1623432|2875157607|2875157607' Instrument='MNQ SEP26' Account='PA-APEX-240737-10' Exchange=Globex Price=29549.75 Quantity=1 Market position=Long Operation=Operation_Add Order='2875157607' Time='8.27.2026 11:00 AM',
27.08.2026 11:00:27,Order,Order='2875157607/PA-APEX-240737-10' Name='Long1_2' New state='Working' Instrument='MNQ SEP26' Action='Buy' Limit price=29549.75 Stop price=29549.75 Quantity=1 Type='Stop Limit' Time in force=GTC Oco='' Filled=0 Fill price=0 Error='No error' Native error='',
27.08.2026 11:00:00,Order,Order='2875157607/PA-APEX-240737-10' Name='Long1_2' New state='Accepted' Instrument='MNQ SEP26' Action='Buy' Limit price=29549.75 Stop price=29549.75 Quantity=1 Type='Stop Limit' Time in force=GTC Oco='' Filled=0 Fill price=0 Error='No error' Native error='',
27.08.2026 11:00:00,Order,Order='78408487b2734c4fbe122a8e869b2aef/PA-APEX-240737-10' Name='Long1_2' New state='Submitted' Instrument='MNQ SEP26' Action='Buy' Limit price=29549.75 Stop price=29549.75 Quantity=1 Type='Stop Limit' Time in force=GTC Oco='' Filled=0 Fill price=0 Error='No error' Native error='',
27.08.2026 11:00:00,NinjaScript,NinjaScript strategy 'RRLongTimeWinStopLimitTPlimitGAPWindowRROffsetsSafeExitsRouted/250203020' submitting order,
27.08.2026 10:30:55,Order,Order='2875118797/PA-APEX-240737-09' Name='StopLimit_1' New state='Cancelled' Instrument='MNQ SEP26' Action='Sell' Limit price=29428.25 Stop price=29428.25 Quantity=1 Type='Stop Limit' Time in force=GTC Oco='' Filled=0 Fill price=0 Error='No error' Native error='',
27.08.2026 10:30:55,Position,Instrument='MNQ SEP26' Account='PA-APEX-240737-09' Average price=29471.75 Quantity=1 Market position=Flat Operation=Remove,
27.08.2026 10:30:55,Order,Order='2875118797/PA-APEX-240737-09' Name='StopLimit_1' New state='Cancel submitted' Instrument='MNQ SEP26' Action='Sell' Limit price=29428.25 Stop price=29428.25 Quantity=1 Type='Stop Limit' Time in force=GTC Oco='' Filled=0 Fill price=0 Error='No error' Native error='',
27.08.2026 10:30:55,Execution,Execution='1621430|2875142368|2875142368' Instrument='MNQ SEP26' Account='PA-APEX-240737-09' Exchange=Globex Price=29549 Quantity=1 Market position=Short Operation=Operation_Add Order='2875142368' Time='8.27.2026 10:30 AM',
27.08.2026 10:30:55,Order,Order='2875142368/PA-APEX-240737-09' Name='RR_Limit_1' New state='Filled' Instrument='MNQ SEP26' Action='Sell' Limit price=29549 Stop price=0 Quantity=1 Type='Limit' Time in force=GTC Oco='' Filled=1 Fill price=29549 Error='No error' Native error='',
27.08.2026 10:30:00,Order,Order='2875142368/PA-APEX-240737-09' Name='RR_Limit_1' New state='Working' Instrument='MNQ SEP26' Action='Sell' Limit price=29549 Stop price=0 Quantity=1 Type='Limit' Time in force=GTC Oco='' Filled=0 Fill price=0 Error='No error' Native error='',
27.08.2026 10:30:00,Order,Order='2875142368/PA-APEX-240737-09' Name='RR_Limit_1' New state='Accepted' Instrument='MNQ SEP26' Action='Sell' Limit price=29549 Stop price=0 Quantity=1 Type='Limit' Time in force=GTC Oco='' Filled=0 Fill price=0 Error='No error' Native error='',
27.08.2026 10:30:00,Order,Order='77751eb065a04f8e8c251aa2be75fc19/PA-APEX-240737-09' Name='RR_Limit_1' New state='Submitted' Instrument='MNQ SEP26' Action='Sell' Limit price=29549 Stop price=0 Quantity=1 Type='Limit' Time in force=GTC Oco='' Filled=0 Fill price=0 Error='No error' Native error='',
27.08.2026 10:30:00,NinjaScript,NinjaScript strategy 'RRLongTimeWinStopLimitTPlimitGAPWindowRROffsetsSafeExitsRouted/250203019' submitting order,
27.08.2026 09:35:54,Order,Order='2875118797/PA-APEX-240737-09' Name='StopLimit_1' New state='Accepted' Instrument='MNQ SEP26' Action='Sell' Limit price=29428.25 Stop price=29428.25 Quantity=1 Type='Stop Limit' Time in force=GTC Oco='' Filled=0 Fill price=0 Error='No error' Native error='',
27.08.2026 09:35:54,Order,Order='49e8d10a96cc40bd8b49974ddc052f8b/PA-APEX-240737-09' Name='StopLimit_1' New state='Submitted' Instrument='MNQ SEP26' Action='Sell' Limit price=29428.25 Stop price=29428.25 Quantity=1 Type='Stop Limit' Time in force=GTC Oco='' Filled=0 Fill price=0 Error='No error' Native error='',
27.08.2026 09:35:54,NinjaScript,NinjaScript strategy 'RRLongTimeWinStopLimitTPlimitGAPWindowRROffsetsSafeExitsRouted/250203019' submitting order,
27.08.2026 09:35:54,Execution,Execution='1619471|2874976352|2874976352' Instrument='MNQ SEP26' Account='PA-APEX-240737-09' Exchange=Globex Price=29471.75 Quantity=1 Market position=Long Operation=Operation_Add Order='2874976352' Time='8.27.2026 9:35 AM',
27.08.2026 09:35:54,Position,Instrument='MNQ SEP26' Account='PA-APEX-240737-09' Average price=29471.75 Quantity=1 Market position=Long Operation=Operation_Add,
27.08.2026 09:35:54,Order,Order='2874976352/PA-APEX-240737-09' Name='Long1_1' New state='Filled' Instrument='MNQ SEP26' Action='Buy' Limit price=29471.75 Stop price=29471.75 Quantity=1 Type='Stop Limit' Time in force=GTC Oco='' Filled=1 Fill price=29471.75 Error='No error' Native error='',
27.08.2026 09:35:54,Order,Order='2874976352/PA-APEX-240737-09' Name='Long1_1' New state='Working' Instrument='MNQ SEP26' Action='Buy' Limit price=29471.75 Stop price=29471.75 Quantity=1 Type='Stop Limit' Time in force=GTC Oco='' Filled=0 Fill price=0 Error='No error' Native error='',
27.08.2026 09:00:00,Order,Order='2874976352/PA-APEX-240737-09' Name='Long1_1' New state='Accepted' Instrument='MNQ SEP26' Action='Buy' Limit price=29471.75 Stop price=29471.75 Quantity=1 Type='Stop Limit' Time in force=GTC Oco='' Filled=0 Fill price=0 Error='No error' Native error='',
27.08.2026 09:00:00,Order,Order='2874976352/PA-APEX-240737-09' Name='Long1_1' New state='Change submitted' Instrument='MNQ SEP26' Action='Buy' Limit price=29471.75 Stop price=29471.75 Quantity=1 Type='Stop Limit' Time in force=GTC Oco='' Filled=0 Fill price=0 Error='No error' Native error='',
27.08.2026 08:30:00,Order,Order='2874976352/PA-APEX-240737-09' Name='Long1_1' New state='Accepted' Instrument='MNQ SEP26' Action='Buy' Limit price=29504.75 Stop price=29504.75 Quantity=1 Type='Stop Limit' Time in force=GTC Oco='' Filled=0 Fill price=0 Error='No error' Native error='',
27.08.2026 08:30:00,Order,Order='2874976352/PA-APEX-240737-09' Name='Long1_1' New state='Change submitted' Instrument='MNQ SEP26' Action='Buy' Limit price=29504.75 Stop price=29504.75 Quantity=1 Type='Stop Limit' Time in force=GTC Oco='' Filled=0 Fill price=0 Error='No error' Native error='',
27.08.2026 08:00:00,Order,Order='2874976352/PA-APEX-240737-09' Name='Long1_1' New state='Accepted' Instrument='MNQ SEP26' Action='Buy' Limit price=29531.25 Stop price=29531.25 Quantity=1 Type='Stop Limit' Time in force=GTC Oco='' Filled=0 Fill price=0 Error='No error' Native error='',
27.08.2026 08:00:00,Order,Order='2874976352/PA-APEX-240737-09' Name='Long1_1' New state='Change submitted' Instrument='MNQ SEP26' Action='Buy' Limit price=29531.25 Stop price=29531.25 Quantity=1 Type='Stop Limit' Time in force=GTC Oco='' Filled=0 Fill price=0 Error='No error' Native error='',
27.08.2026 07:30:00,Order,Order='2874976352/PA-APEX-240737-09' Name='Long1_1' New state='Accepted' Instrument='MNQ SEP26' Action='Buy' Limit price=29551.75 Stop price=29551.75 Quantity=1 Type='Stop Limit' Time in force=GTC Oco='' Filled=0 Fill price=0 Error='No error' Native error='',
27.08.2026 07:30:00,Order,Order='2874976352/PA-APEX-240737-09' Name='Long1_1' New state='Change submitted' Instrument='MNQ SEP26' Action='Buy' Limit price=29551.75 Stop price=29551.75 Quantity=1 Type='Stop Limit' Time in force=GTC Oco='' Filled=0 Fill price=0 Error='No error' Native error='',
27.08.2026 07:00:00,Order,Order='2874976352/PA-APEX-240737-09' Name='Long1_1' New state='Accepted' Instrument='MNQ SEP26' Action='Buy' Limit price=29572.5 Stop price=29572.5 Quantity=1 Type='Stop Limit' Time in force=GTC Oco='' Filled=0 Fill price=0 Error='No error' Native error='',
27.08.2026 07:00:00,Order,Order='2874976352/PA-APEX-240737-09' Name='Long1_1' New state='Change submitted' Instrument='MNQ SEP26' Action='Buy' Limit price=29572.5 Stop price=29572.5 Quantity=1 Type='Stop Limit' Time in force=GTC Oco='' Filled=0 Fill price=0 Error='No error' Native error='',
27.08.2026 04:00:00,Order,Order='2874976352/PA-APEX-240737-09' Name='Long1_1' New state='Accepted' Instrument='MNQ SEP26' Action='Buy' Limit price=29581.5 Stop price=29581.5 Quantity=1 Type='Stop Limit' Time in force=GTC Oco='' Filled=0 Fill price=0 Error='No error' Native error='',
27.08.2026 04:00:00,Order,Order='2874976352/PA-APEX-240737-09' Name='Long1_1' New state='Change submitted' Instrument='MNQ SEP26' Action='Buy' Limit price=29581.5 Stop price=29581.5 Quantity=1 Type='Stop Limit' Time in force=GTC Oco='' Filled=0 Fill price=0 Error='No error' Native error='',
27.08.2026 03:30:00,Order,Order='2874976352/PA-APEX-240737-09' Name='Long1_1' New state='Accepted' Instrument='MNQ SEP26' Action='Buy' Limit price=29655.75 Stop price=29655.75 Quantity=1 Type='Stop Limit' Time in force=GTC Oco='' Filled=0 Fill price=0 Error='No error' Native error='',
27.08.2026 03:30:00,Order,Order='4085fbb2bc2247e18e070f0c63ceb17a/PA-APEX-240737-09' Name='Long1_1' New state='Submitted' Instrument='MNQ SEP26' Action='Buy' Limit price=29655.75 Stop price=29655.75 Quantity=1 Type='Stop Limit' Time in force=GTC Oco='' Filled=0 Fill price=0 Error='No error' Native error='',
27.08.2026 03:30:00,NinjaScript,NinjaScript strategy 'RRLongTimeWinStopLimitTPlimitGAPWindowRROffsetsSafeExitsRouted/250203019' submitting order,
27.08.2026 03:00:00,Order,Order='2874945033/PA-APEX-240737-09' Name='StopLimit_1' New state='Cancelled' Instrument='MNQ SEP26' Action='Sell' Limit price=29585.25 Stop price=29585.25 Quantity=1 Type='Stop Limit' Time in force=GTC Oco='' Filled=0 Fill price=0 Error='No error' Native error='',
27.08.2026 03:00:00,Order,Order='2874945033/PA-APEX-240737-09' Name='StopLimit_1' New state='Cancel submitted' Instrument='MNQ SEP26' Action='Sell' Limit price=29585.25 Stop price=29585.25 Quantity=1 Type='Stop Limit' Time in force=GTC Oco='' Filled=0 Fill price=0 Error='No error' Native error='',
27.08.2026 03:00:00,Position,Instrument='MNQ SEP26' Account='PA-APEX-240737-09' Average price=29613.5 Quantity=1 Market position=Flat Operation=Remove,
27.08.2026 03:00:00,Order,Order='2874952891/PA-APEX-240737-09' Name='RR_Limit_1' New state='Filled' Instrument='MNQ SEP26' Action='Sell' Limit price=29647.75 Stop price=0 Quantity=1 Type='Limit' Time in force=GTC Oco='' Filled=1 Fill price=29652 Error='No error' Native error='',
27.08.2026 03:00:00,Execution,Execution='1598302|2874952891|2874952891' Instrument='MNQ SEP26' Account='PA-APEX-240737-09' Exchange=Globex Price=29652 Quantity=1 Market position=Short Operation=Operation_Add Order='2874952891' Time='8.27.2026 3:00 AM',
27.08.2026 03:00:00,Order,Order='2874952891/PA-APEX-240737-09' Name='RR_Limit_1' New state='Working' Instrument='MNQ SEP26' Action='Sell' Limit price=29647.75 Stop price=0 Quantity=1 Type='Limit' Time in force=GTC Oco='' Filled=0 Fill price=0 Error='No error' Native error='',
27.08.2026 03:00:00,Order,Order='2874952891/PA-APEX-240737-09' Name='RR_Limit_1' New state='Accepted' Instrument='MNQ SEP26' Action='Sell' Limit price=29647.75 Stop price=0 Quantity=1 Type='Limit' Time in force=GTC Oco='' Filled=0 Fill price=0 Error='No error' Native error='',
27.08.2026 03:00:00,Order,Order='1de413c469d74e088b761b90258639e0/PA-APEX-240737-09' Name='RR_Limit_1' New state='Submitted' Instrument='MNQ SEP26' Action='Sell' Limit price=29647.75 Stop price=0 Quantity=1 Type='Limit' Time in force=GTC Oco='' Filled=0 Fill price=0 Error='No error' Native error='',
27.08.2026 03:00:00,NinjaScript,NinjaScript strategy 'RRLongTimeWinStopLimitTPlimitGAPWindowRROffsetsSafeExitsRouted/250203019' submitting order,
27.08.2026 02:45:26,Order,Order='2874945033/PA-APEX-240737-09' Name='StopLimit_1' New state='Accepted' Instrument='MNQ SEP26' Action='Sell' Limit price=29585.25 Stop price=29585.25 Quantity=1 Type='Stop Limit' Time in force=GTC Oco='' Filled=0 Fill price=0 Error='No error' Native error='',
27.08.2026 02:45:26,Order,Order='4fec83f5b4634504bbce1819eef52774/PA-APEX-240737-09' Name='StopLimit_1' New state='Submitted' Instrument='MNQ SEP26' Action='Sell' Limit price=29585.25 Stop price=29585.25 Quantity=1 Type='Stop Limit' Time in force=GTC Oco='' Filled=0 Fill price=0 Error='No error' Native error='',
27.08.2026 02:45:26,Position,Instrument='MNQ SEP26' Account='PA-APEX-240737-09' Average price=29613.5 Quantity=1 Market position=Long Operation=Operation_Add,
27.08.2026 02:45:26,NinjaScript,NinjaScript strategy 'RRLongTimeWinStopLimitTPlimitGAPWindowRROffsetsSafeExitsRouted/250203019' submitting order,
27.08.2026 02:45:26,Order,Order='2874940062/PA-APEX-240737-09' Name='Long1_1' New state='Filled' Instrument='MNQ SEP26' Action='Buy' Limit price=29614.75 Stop price=29614.75 Quantity=1 Type='Stop Limit' Time in force=GTC Oco='' Filled=1 Fill price=29613.5 Error='No error' Native error='',
27.08.2026 02:45:26,Execution,Execution='1595331|2874940062|2874940062' Instrument='MNQ SEP26' Account='PA-APEX-240737-09' Exchange=Globex Price=29613.5 Quantity=1 Market position=Long Operation=Operation_Add Order='2874940062' Time='8.27.2026 2:45 AM',
27.08.2026 02:45:26,Order,Order='2874940062/PA-APEX-240737-09' Name='Long1_1' New state='Working' Instrument='MNQ SEP26' Action='Buy' Limit price=29614.75 Stop price=29614.75 Quantity=1 Type='Stop Limit' Time in force=GTC Oco='' Filled=0 Fill price=0 Error='No error' Native error='',
27.08.2026 02:30:00,Order,Order='2874940062/PA-APEX-240737-09' Name='Long1_1' New state='Accepted' Instrument='MNQ SEP26' Action='Buy' Limit price=29614.75 Stop price=29614.75 Quantity=1 Type='Stop Limit' Time in force=GTC Oco='' Filled=0 Fill price=0 Error='No error' Native error='',
27.08.2026 02:30:00,Order,Order='76e0b941782540b08e591361ca7f3306/PA-APEX-240737-09' Name='Long1_1' New state='Submitted' Instrument='MNQ SEP26' Action='Buy' Limit price=29614.75 Stop price=29614.75 Quantity=1 Type='Stop Limit' Time in force=GTC Oco='' Filled=0 Fill price=0 Error='No error' Native error='',
27.08.2026 02:30:00,NinjaScript,NinjaScript strategy 'RRLongTimeWinStopLimitTPlimitGAPWindowRROffsetsSafeExitsRouted/250203019' submitting order,
27.08.2026 01:52:23,Default,Enabling NinjaScript strategy 'RRLongTimeWinStopLimitTPlimitGAPWindowRROffsetsSafeExitsRouted/250203024' : On starting a real-time strategy - StartBehavior=ImmediatelySubmit EntryHandling=Unique entries EntriesPerDirection=1 StopTargetHandling=Per entry execution ErrorHandling=Ignore all errors ExitOnSessionClose=True / triggering 30 seconds before close SetOrderQuantityBy=Strategy ConnectionLossHandling=Keep running DisconnectDelaySeconds=10 CancelEntriesOnStrategyDisable=True CancelExitsOnStrategyDisable=False Calculate=On bar close IsUnmanaged=False MaxRestarts=4 in 5 minutes,
27.08.2026 01:52:23,Default,Enabling NinjaScript strategy 'RRLongTimeWinStopLimitTPlimitGAPWindowRROffsetsSafeExitsRouted/250203023' : On starting a real-time strategy - StartBehavior=ImmediatelySubmit EntryHandling=Unique entries EntriesPerDirection=1 StopTargetHandling=Per entry execution ErrorHandling=Ignore all errors ExitOnSessionClose=True / triggering 30 seconds before close SetOrderQuantityBy=Strategy ConnectionLossHandling=Keep running DisconnectDelaySeconds=10 CancelEntriesOnStrategyDisable=True CancelExitsOnStrategyDisable=False Calculate=On bar close IsUnmanaged=False MaxRestarts=4 in 5 minutes,
27.08.2026 01:52:23,Default,Enabling NinjaScript strategy 'RRLongTimeWinStopLimitTPlimitGAPWindowRROffsetsSafeExitsRouted/250203022' : On starting a real-time strategy - StartBehavior=ImmediatelySubmit EntryHandling=Unique entries EntriesPerDirection=1 StopTargetHandling=Per entry execution ErrorHandling=Ignore all errors ExitOnSessionClose=True / triggering 30 seconds before close SetOrderQuantityBy=Strategy ConnectionLossHandling=Keep running DisconnectDelaySeconds=10 CancelEntriesOnStrategyDisable=True CancelExitsOnStrategyDisable=False Calculate=On bar close IsUnmanaged=False MaxRestarts=4 in 5 minutes,
27.08.2026 01:52:23,Default,Enabling NinjaScript strategy 'RRLongTimeWinStopLimitTPlimitGAPWindowRROffsetsSafeExitsRouted/250203021' : On starting a real-time strategy - StartBehavior=ImmediatelySubmit EntryHandling=Unique entries EntriesPerDirection=1 StopTargetHandling=Per entry execution ErrorHandling=Ignore all errors ExitOnSessionClose=True / triggering 30 seconds before close SetOrderQuantityBy=Strategy ConnectionLossHandling=Keep running DisconnectDelaySeconds=10 CancelEntriesOnStrategyDisable=True CancelExitsOnStrategyDisable=False Calculate=On bar close IsUnmanaged=False MaxRestarts=4 in 5 minutes,
27.08.2026 01:52:23,Default,Enabling NinjaScript strategy 'RRLongTimeWinStopLimitTPlimitGAPWindowRROffsetsSafeExitsRouted/250203020' : On starting a real-time strategy - StartBehavior=ImmediatelySubmit EntryHandling=Unique entries EntriesPerDirection=1 StopTargetHandling=Per entry execution ErrorHandling=Ignore all errors ExitOnSessionClose=True / triggering 30 seconds before close SetOrderQuantityBy=Strategy ConnectionLossHandling=Keep running DisconnectDelaySeconds=10 CancelEntriesOnStrategyDisable=True CancelExitsOnStrategyDisable=False Calculate=On bar close IsUnmanaged=False MaxRestarts=4 in 5 minutes,
27.08.2026 01:52:23,Default,Enabling NinjaScript strategy 'RRLongTimeWinStopLimitTPlimitGAPWindowRROffsetsSafeExitsRouted/250203019' : On starting a real-time strategy - StartBehavior=ImmediatelySubmit EntryHandling=Unique entries EntriesPerDirection=1 StopTargetHandling=Per entry execution ErrorHandling=Ignore all errors ExitOnSessionClose=True / triggering 30 seconds before close SetOrderQuantityBy=Strategy ConnectionLossHandling=Keep running DisconnectDelaySeconds=10 CancelEntriesOnStrategyDisable=True CancelExitsOnStrategyDisable=False Calculate=On bar close IsUnmanaged=False MaxRestarts=4 in 5 minutes,
27.08.2026 01:52:03,Default,Disabling NinjaScript strategy 'RRLongTimeWinStopLimitTPlimitGAPWindowRROffsetsSafeExitsRouted/250203024',
27.08.2026 01:52:03,Default,Disabling NinjaScript strategy 'RRLongTimeWinStopLimitTPlimitGAPWindowRROffsetsSafeExitsRouted/250203022',
27.08.2026 01:52:03,Default,Disabling NinjaScript strategy 'RRLongTimeWinStopLimitTPlimitGAPWindowRROffsetsSafeExitsRouted/250203020',
27.08.2026 01:52:03,Default,Disabling NinjaScript strategy 'RRLongTimeWinStopLimitTPlimitGAPWindowRROffsetsSafeExitsRouted/250203023',
27.08.2026 01:52:03,Default,Disabling NinjaScript strategy 'RRLongTimeWinStopLimitTPlimitGAPWindowRROffsetsSafeExitsRouted/250203019',
27.08.2026 01:52:03,Default,Disabling NinjaScript strategy 'RRLongTimeWinStopLimitTPlimitGAPWindowRROffsetsSafeExitsRouted/250203021',
27.08.2026 01:51:56,Default,Enabling NinjaScript strategy 'RRLongTimeWinStopLimitTPlimitGAPWindowRROffsetsSafeExitsRouted/250203024' : On starting a real-time strategy - StartBehavior=ImmediatelySubmit EntryHandling=Unique entries EntriesPerDirection=1 StopTargetHandling=Per entry execution ErrorHandling=Ignore all errors ExitOnSessionClose=True / triggering 30 seconds before close SetOrderQuantityBy=Strategy ConnectionLossHandling=Keep running DisconnectDelaySeconds=10 CancelEntriesOnStrategyDisable=True CancelExitsOnStrategyDisable=False Calculate=On bar close IsUnmanaged=False MaxRestarts=4 in 5 minutes,
27.08.2026 01:51:56,Default,Enabling NinjaScript strategy 'RRLongTimeWinStopLimitTPlimitGAPWindowRROffsetsSafeExitsRouted/250203023' : On starting a real-time strategy - StartBehavior=ImmediatelySubmit EntryHandling=Unique entries EntriesPerDirection=1 StopTargetHandling=Per entry execution ErrorHandling=Ignore all errors ExitOnSessionClose=True / triggering 30 seconds before close SetOrderQuantityBy=Strategy ConnectionLossHandling=Keep running DisconnectDelaySeconds=10 CancelEntriesOnStrategyDisable=True CancelExitsOnStrategyDisable=False Calculate=On bar close IsUnmanaged=False MaxRestarts=4 in 5 minutes,
27.08.2026 01:51:56,Default,Enabling NinjaScript strategy 'RRLongTimeWinStopLimitTPlimitGAPWindowRROffsetsSafeExitsRouted/250203022' : On starting a real-time strategy - StartBehavior=ImmediatelySubmit EntryHandling=Unique entries EntriesPerDirection=1 StopTargetHandling=Per entry execution ErrorHandling=Ignore all errors ExitOnSessionClose=True / triggering 30 seconds before close SetOrderQuantityBy=Strategy ConnectionLossHandling=Keep running DisconnectDelaySeconds=10 CancelEntriesOnStrategyDisable=True CancelExitsOnStrategyDisable=False Calculate=On bar close IsUnmanaged=False MaxRestarts=4 in 5 minutes,
27.08.2026 01:51:56,Default,Enabling NinjaScript strategy 'RRLongTimeWinStopLimitTPlimitGAPWindowRROffsetsSafeExitsRouted/250203020' : On starting a real-time strategy - StartBehavior=ImmediatelySubmit EntryHandling=Unique entries EntriesPerDirection=1 StopTargetHandling=Per entry execution ErrorHandling=Ignore all errors ExitOnSessionClose=True / triggering 30 seconds before close SetOrderQuantityBy=Strategy ConnectionLossHandling=Keep running DisconnectDelaySeconds=10 CancelEntriesOnStrategyDisable=True CancelExitsOnStrategyDisable=False Calculate=On bar close IsUnmanaged=False MaxRestarts=4 in 5 minutes,
27.08.2026 01:51:56,Default,Enabling NinjaScript strategy 'RRLongTimeWinStopLimitTPlimitGAPWindowRROffsetsSafeExitsRouted/250203021' : On starting a real-time strategy - StartBehavior=ImmediatelySubmit EntryHandling=Unique entries EntriesPerDirection=1 StopTargetHandling=Per entry execution ErrorHandling=Ignore all errors ExitOnSessionClose=True / triggering 30 seconds before close SetOrderQuantityBy=Strategy ConnectionLossHandling=Keep running DisconnectDelaySeconds=10 CancelEntriesOnStrategyDisable=True CancelExitsOnStrategyDisable=False Calculate=On bar close IsUnmanaged=False MaxRestarts=4 in 5 minutes,
27.08.2026 01:51:56,Default,Enabling NinjaScript strategy 'RRLongTimeWinStopLimitTPlimitGAPWindowRROffsetsSafeExitsRouted/250203019' : On starting a real-time strategy - StartBehavior=ImmediatelySubmit EntryHandling=Unique entries EntriesPerDirection=1 StopTargetHandling=Per entry execution ErrorHandling=Ignore all errors ExitOnSessionClose=True / triggering 30 seconds before close SetOrderQuantityBy=Strategy ConnectionLossHandling=Keep running DisconnectDelaySeconds=10 CancelEntriesOnStrategyDisable=True CancelExitsOnStrategyDisable=False Calculate=On bar close IsUnmanaged=False MaxRestarts=4 in 5 minutes,
27.08.2026 01:51:37,Connection,Using HDS (hds-us-nt-012.ninjatrader.com/31655),
27.08.2026 01:51:37,Connection,Time to auto close position='23:59:00', Enabled=True,
27.08.2026 01:51:37,Connection,Apex: Primary connection=Connected, Price feed=Connected,
27.08.2026 01:51:11,Default,Restoring workspace 'FiletransmitWorkspace_old'...,
27.08.2026 01:51:09,Default,Auto close enabled=True: All,
27.08.2026 01:51:09,Order,Order entry hot keys disabled,
27.08.2026 01:51:09,Connection,Apex: Primary connection=Connecting, Price feed=Connecting,
27.08.2026 01:51:09,Default,Auto connecting 'Apex'...,
27.08.2026 01:51:09,Default,Telemetry configuration updated to version 1003 (previous version 0).,
27.08.2026 01:51:09,Default,Automated trading disabled,
27.08.2026 01:51:09,Connection,Using IS (is-us-nt-005.ninjatrader.com/31658),
27.08.2026 01:51:07,Default,Global simulation mode disabled,
27.08.2026 01:46:07,Default,Session Break (Version 8.1.8.1),
27.08.2026 00:16:54,Default,Session Break (Version 8.1.8.1),
