case_index,sweep,label,seed,interval_days,start_policy,profit_trigger,dd_trigger,min_days,dd,frozen_floor,cost,withdraw_chunk,withdraw_step,seat_cap,split,n_book_windows,horizon_years,book_start_first,book_start_last,overlapping_windows,in_sample,cash_p10,cash_median,withdrawable_p10,withdrawable_median,payout_received_median,realized_p10,realized_median,cashout_p10,cashout_median,cashout_below_water_rate,mark_p10,mark_median,mark_below_water_rate,ruin_rate,wipeout_rate,shock_5plus_rate,full_collapse_5plus_rate,worst_cluster,worst_wipe,seats_bought_median,live_seats_median,dd_same_price_diagnostic,simulator_sha256
1,cadence_seed,"seed $1,200, every 14d",1200.000000,14,time,1000.000000,400.000000,1,2500.000000,100.000000,200.000000,200.000000,400.000000,20,1.000000,18,2.000000,2020-04-01,2024-07-01,True,True,0.000000,26900.000000,0.000000,10213.150000,31100.000000,-1200.000000,25700.000000,-1200.000000,48712.550000,0.222222,-1200.000000,85053.475000,0.222222,0.222222,0.277778,0.166667,0.055556,6,6,20.000000,16.000000,False,4dbf14d8ca774c3bc096b838489211273133addf2b49d113730f7d85c77bf4a0
2,cadence_seed,"seed $1,200, every 21d",1200.000000,21,time,1000.000000,400.000000,1,2500.000000,100.000000,200.000000,200.000000,400.000000,20,1.000000,18,2.000000,2020-04-01,2024-07-01,True,True,0.000000,23600.000000,0.000000,12765.925000,28300.000000,-1200.000000,22400.000000,-1200.000000,39991.125000,0.222222,-1200.000000,72961.175000,0.222222,0.222222,0.333333,0.111111,0.055556,6,6,24.000000,19.000000,False,4dbf14d8ca774c3bc096b838489211273133addf2b49d113730f7d85c77bf4a0
3,cadence_seed,"seed $1,200, every 30d",1200.000000,30,time,1000.000000,400.000000,1,2500.000000,100.000000,200.000000,200.000000,400.000000,20,1.000000,18,2.000000,2020-04-01,2024-07-01,True,True,0.000000,19400.000000,0.000000,11613.000000,22900.000000,-1200.000000,18200.000000,-1200.000000,33636.600000,0.222222,-1200.000000,61787.350000,0.166667,0.166667,0.333333,0.000000,0.000000,4,1,21.000000,15.500000,False,4dbf14d8ca774c3bc096b838489211273133addf2b49d113730f7d85c77bf4a0
4,cadence_seed,"seed $1,200, every 45d",1200.000000,45,time,1000.000000,400.000000,1,2500.000000,100.000000,200.000000,200.000000,400.000000,20,1.000000,18,2.000000,2020-04-01,2024-07-01,True,True,0.000000,13400.000000,0.000000,8276.825000,15500.000000,-1200.000000,12200.000000,-1200.000000,23321.375000,0.166667,-1200.000000,40668.375000,0.166667,0.166667,0.444444,0.000000,0.000000,4,1,16.000000,11.000000,False,4dbf14d8ca774c3bc096b838489211273133addf2b49d113730f7d85c77bf4a0
5,cadence_seed,"seed $1,200, every 60d",1200.000000,60,time,1000.000000,400.000000,1,2500.000000,100.000000,200.000000,200.000000,400.000000,20,1.000000,18,2.000000,2020-04-01,2024-07-01,True,True,900.000000,12700.000000,30.765000,7440.750000,14100.000000,-300.000000,11500.000000,-222.135000,21257.275000,0.111111,1737.505000,35397.425000,0.055556,0.055556,0.444444,0.000000,0.000000,3,1,13.000000,8.500000,False,4dbf14d8ca774c3bc096b838489211273133addf2b49d113730f7d85c77bf4a0
6,cadence_seed,"seed $1,200, every 90d",1200.000000,90,time,1000.000000,400.000000,1,2500.000000,100.000000,200.000000,200.000000,400.000000,20,1.000000,18,2.000000,2020-04-01,2024-07-01,True,True,1340.000000,8800.000000,46.585000,4902.025000,9500.000000,140.000000,7600.000000,140.000000,14389.750000,0.111111,2941.385000,22934.600000,0.055556,0.000000,0.500000,0.000000,0.000000,2,2,9.000000,5.500000,False,4dbf14d8ca774c3bc096b838489211273133addf2b49d113730f7d85c77bf4a0
7,cadence_seed,"seed $2,000, every 14d",2000.000000,14,time,1000.000000,400.000000,1,2500.000000,100.000000,200.000000,200.000000,400.000000,20,1.000000,18,2.000000,2020-04-01,2024-07-01,True,True,0.000000,35500.000000,0.000000,18556.600000,38000.000000,-2000.000000,33500.000000,-2000.000000,62052.625000,0.222222,-2000.000000,101040.125000,0.222222,0.222222,0.277778,0.388889,0.000000,9,1,20.000000,20.000000,False,4dbf14d8ca774c3bc096b838489211273133addf2b49d113730f7d85c77bf4a0
8,cadence_seed,"seed $2,000, every 21d",2000.000000,21,time,1000.000000,400.000000,1,2500.000000,100.000000,200.000000,200.000000,400.000000,20,1.000000,18,2.000000,2020-04-01,2024-07-01,True,True,0.000000,27100.000000,0.000000,15443.825000,31000.000000,-2000.000000,25100.000000,-2000.000000,45369.025000,0.222222,-2000.000000,78765.975000,0.166667,0.166667,0.277778,0.277778,0.000000,8,3,23.500000,20.000000,False,4dbf14d8ca774c3bc096b838489211273133addf2b49d113730f7d85c77bf4a0
9,cadence_seed,"seed $2,000, every 30d",2000.000000,30,time,1000.000000,400.000000,1,2500.000000,100.000000,200.000000,200.000000,400.000000,20,1.000000,18,2.000000,2020-04-01,2024-07-01,True,True,420.000000,23000.000000,0.000000,12805.500000,25800.000000,-1580.000000,21000.000000,-1580.000000,38768.600000,0.166667,1672.480000,62638.075000,0.111111,0.111111,0.333333,0.111111,0.000000,6,2,23.500000,17.000000,False,4dbf14d8ca774c3bc096b838489211273133addf2b49d113730f7d85c77bf4a0
10,cadence_seed,"seed $2,000, every 45d",2000.000000,45,time,1000.000000,400.000000,1,2500.000000,100.000000,200.000000,200.000000,400.000000,20,1.000000,18,2.000000,2020-04-01,2024-07-01,True,True,2100.000000,15200.000000,172.130000,8735.800000,16600.000000,100.000000,13200.000000,272.130000,25017.975000,0.111111,3713.520000,40668.375000,0.055556,0.000000,0.333333,0.000000,0.000000,4,1,17.000000,11.000000,False,4dbf14d8ca774c3bc096b838489211273133addf2b49d113730f7d85c77bf4a0
11,cadence_seed,"seed $2,000, every 60d",2000.000000,60,time,1000.000000,400.000000,1,2500.000000,100.000000,200.000000,200.000000,400.000000,20,1.000000,18,2.000000,2020-04-01,2024-07-01,True,True,2280.000000,13500.000000,172.130000,7440.750000,14100.000000,280.000000,11500.000000,280.000000,21257.275000,0.111111,3503.880000,35397.425000,0.055556,0.000000,0.444444,0.000000,0.000000,3,1,13.000000,8.500000,False,4dbf14d8ca774c3bc096b838489211273133addf2b49d113730f7d85c77bf4a0
12,cadence_seed,"seed $2,000, every 90d",2000.000000,90,time,1000.000000,400.000000,1,2500.000000,100.000000,200.000000,200.000000,400.000000,20,1.000000,18,2.000000,2020-04-01,2024-07-01,True,True,2200.000000,9600.000000,46.585000,4902.025000,9500.000000,200.000000,7600.000000,200.000000,14389.750000,0.055556,2941.385000,22934.600000,0.000000,0.000000,0.500000,0.000000,0.000000,2,2,9.000000,5.500000,False,4dbf14d8ca774c3bc096b838489211273133addf2b49d113730f7d85c77bf4a0
13,cadence_seed,"seed $3,000, every 14d",3000.000000,14,time,1000.000000,400.000000,1,2500.000000,100.000000,200.000000,200.000000,400.000000,20,1.000000,18,2.000000,2020-04-01,2024-07-01,True,True,0.000000,40900.000000,0.000000,21644.550000,42400.000000,-3000.000000,37900.000000,-3000.000000,68640.575000,0.222222,-3000.000000,107628.075000,0.166667,0.166667,0.222222,0.444444,0.000000,12,1,20.500000,20.000000,False,4dbf14d8ca774c3bc096b838489211273133addf2b49d113730f7d85c77bf4a0
14,cadence_seed,"seed $3,000, every 21d",3000.000000,21,time,1000.000000,400.000000,1,2500.000000,100.000000,200.000000,200.000000,400.000000,20,1.000000,18,2.000000,2020-04-01,2024-07-01,True,True,1120.000000,30200.000000,0.000000,16458.400000,33100.000000,-1880.000000,27200.000000,-1880.000000,49567.200000,0.166667,2239.920000,83367.200000,0.111111,0.111111,0.222222,0.333333,0.000000,10,3,25.000000,20.000000,False,4dbf14d8ca774c3bc096b838489211273133addf2b49d113730f7d85c77bf4a0
15,cadence_seed,"seed $3,000, every 30d",3000.000000,30,time,1000.000000,400.000000,1,2500.000000,100.000000,200.000000,200.000000,400.000000,20,1.000000,18,2.000000,2020-04-01,2024-07-01,True,True,3220.000000,24000.000000,0.000000,12805.500000,25800.000000,220.000000,21000.000000,220.000000,38768.600000,0.111111,5600.655000,62638.075000,0.055556,0.000000,0.277778,0.111111,0.000000,6,1,24.000000,17.000000,False,4dbf14d8ca774c3bc096b838489211273133addf2b49d113730f7d85c77bf4a0
16,cadence_seed,"seed $3,000, every 45d",3000.000000,45,time,1000.000000,400.000000,1,2500.000000,100.000000,200.000000,200.000000,400.000000,20,1.000000,18,2.000000,2020-04-01,2024-07-01,True,True,3080.000000,16200.000000,207.410000,8735.800000,16600.000000,80.000000,13200.000000,287.410000,25017.975000,0.111111,3608.800000,40668.375000,0.055556,0.000000,0.222222,0.000000,0.000000,4,1,17.000000,11.000000,False,4dbf14d8ca774c3bc096b838489211273133addf2b49d113730f7d85c77bf4a0
17,cadence_seed,"seed $3,000, every 60d",3000.000000,60,time,1000.000000,400.000000,1,2500.000000,100.000000,200.000000,200.000000,400.000000,20,1.000000,18,2.000000,2020-04-01,2024-07-01,True,True,3280.000000,14500.000000,172.130000,7440.750000,14100.000000,280.000000,11500.000000,280.000000,21257.275000,0.111111,3503.880000,35397.425000,0.055556,0.000000,0.444444,0.000000,0.000000,3,1,13.000000,8.500000,False,4dbf14d8ca774c3bc096b838489211273133addf2b49d113730f7d85c77bf4a0
18,cadence_seed,"seed $3,000, every 90d",3000.000000,90,time,1000.000000,400.000000,1,2500.000000,100.000000,200.000000,200.000000,400.000000,20,1.000000,18,2.000000,2020-04-01,2024-07-01,True,True,3200.000000,10600.000000,46.585000,4902.025000,9500.000000,200.000000,7600.000000,200.000000,14389.750000,0.055556,2941.385000,22934.600000,0.000000,0.000000,0.500000,0.000000,0.000000,2,2,9.000000,5.500000,False,4dbf14d8ca774c3bc096b838489211273133addf2b49d113730f7d85c77bf4a0
19,cadence_seed,"seed $4,000, every 14d",4000.000000,14,time,1000.000000,400.000000,1,2500.000000,100.000000,200.000000,200.000000,400.000000,20,1.000000,18,2.000000,2020-04-01,2024-07-01,True,True,700.000000,44100.000000,0.000000,23778.125000,44600.000000,-3300.000000,40100.000000,-3225.205000,73274.550000,0.166667,3929.070000,112262.050000,0.111111,0.055556,0.111111,0.388889,0.000000,12,4,25.000000,20.000000,False,4dbf14d8ca774c3bc096b838489211273133addf2b49d113730f7d85c77bf4a0
20,cadence_seed,"seed $4,000, every 21d",4000.000000,21,time,1000.000000,400.000000,1,2500.000000,100.000000,200.000000,200.000000,400.000000,20,1.000000,18,2.000000,2020-04-01,2024-07-01,True,True,3960.000000,31200.000000,0.000000,16458.400000,33100.000000,-40.000000,27200.000000,-40.000000,49567.200000,0.111111,7124.925000,83367.200000,0.055556,0.000000,0.111111,0.333333,0.000000,10,2,27.500000,20.000000,False,4dbf14d8ca774c3bc096b838489211273133addf2b49d113730f7d85c77bf4a0
21,cadence_seed,"seed $4,000, every 30d",4000.000000,30,time,1000.000000,400.000000,1,2500.000000,100.000000,200.000000,200.000000,400.000000,20,1.000000,18,2.000000,2020-04-01,2024-07-01,True,True,5080.000000,25000.000000,255.115000,12805.500000,25800.000000,1080.000000,21000.000000,1220.000000,38768.600000,0.055556,6128.140000,62638.075000,0.000000,0.000000,0.277778,0.111111,0.000000,6,1,24.000000,17.000000,False,4dbf14d8ca774c3bc096b838489211273133addf2b49d113730f7d85c77bf4a0
22,cadence_seed,"seed $4,000, every 45d",4000.000000,45,time,1000.000000,400.000000,1,2500.000000,100.000000,200.000000,200.000000,400.000000,20,1.000000,18,2.000000,2020-04-01,2024-07-01,True,True,4080.000000,17200.000000,207.410000,8735.800000,16600.000000,80.000000,13200.000000,287.410000,25017.975000,0.111111,3608.800000,40668.375000,0.055556,0.000000,0.222222,0.000000,0.000000,4,1,17.000000,11.000000,False,4dbf14d8ca774c3bc096b838489211273133addf2b49d113730f7d85c77bf4a0
23,cadence_seed,"seed $4,000, every 60d",4000.000000,60,time,1000.000000,400.000000,1,2500.000000,100.000000,200.000000,200.000000,400.000000,20,1.000000,18,2.000000,2020-04-01,2024-07-01,True,True,4280.000000,15500.000000,172.130000,7440.750000,14100.000000,280.000000,11500.000000,280.000000,21257.275000,0.111111,3503.880000,35397.425000,0.055556,0.000000,0.444444,0.000000,0.000000,3,1,13.000000,8.500000,False,4dbf14d8ca774c3bc096b838489211273133addf2b49d113730f7d85c77bf4a0
24,cadence_seed,"seed $4,000, every 90d",4000.000000,90,time,1000.000000,400.000000,1,2500.000000,100.000000,200.000000,200.000000,400.000000,20,1.000000,18,2.000000,2020-04-01,2024-07-01,True,True,4200.000000,11600.000000,46.585000,4902.025000,9500.000000,200.000000,7600.000000,200.000000,14389.750000,0.055556,2941.385000,22934.600000,0.000000,0.000000,0.500000,0.000000,0.000000,2,2,9.000000,5.500000,False,4dbf14d8ca774c3bc096b838489211273133addf2b49d113730f7d85c77bf4a0
25,start_trigger,calendar 30d,3000.000000,30,time,1000.000000,400.000000,1,2500.000000,100.000000,200.000000,200.000000,400.000000,20,1.000000,18,2.000000,2020-04-01,2024-07-01,True,True,3220.000000,24000.000000,0.000000,12805.500000,25800.000000,220.000000,21000.000000,220.000000,38768.600000,0.111111,5600.655000,62638.075000,0.055556,0.000000,0.277778,0.111111,0.000000,6,1,24.000000,17.000000,False,4dbf14d8ca774c3bc096b838489211273133addf2b49d113730f7d85c77bf4a0
26,start_trigger,calendar 45d,3000.000000,45,time,1000.000000,400.000000,1,2500.000000,100.000000,200.000000,200.000000,400.000000,20,1.000000,18,2.000000,2020-04-01,2024-07-01,True,True,3080.000000,16200.000000,207.410000,8735.800000,16600.000000,80.000000,13200.000000,287.410000,25017.975000,0.111111,3608.800000,40668.375000,0.055556,0.000000,0.222222,0.000000,0.000000,4,1,17.000000,11.000000,False,4dbf14d8ca774c3bc096b838489211273133addf2b49d113730f7d85c77bf4a0
27,start_trigger,calendar 60d,3000.000000,60,time,1000.000000,400.000000,1,2500.000000,100.000000,200.000000,200.000000,400.000000,20,1.000000,18,2.000000,2020-04-01,2024-07-01,True,True,3280.000000,14500.000000,172.130000,7440.750000,14100.000000,280.000000,11500.000000,280.000000,21257.275000,0.111111,3503.880000,35397.425000,0.055556,0.000000,0.444444,0.000000,0.000000,3,1,13.000000,8.500000,False,4dbf14d8ca774c3bc096b838489211273133addf2b49d113730f7d85c77bf4a0
28,start_trigger,profit trigger $400,3000.000000,30,profit,400.000000,400.000000,1,2500.000000,100.000000,200.000000,200.000000,400.000000,20,1.000000,18,2.000000,2020-04-01,2024-07-01,True,True,1680.000000,30100.000000,310.625000,17014.150000,31700.000000,-1320.000000,27100.000000,-1152.365000,60727.675000,0.222222,10014.040000,104091.700000,0.055556,0.000000,0.500000,0.555556,0.000000,6,4,25.000000,16.000000,False,4dbf14d8ca774c3bc096b838489211273133addf2b49d113730f7d85c77bf4a0
29,start_trigger,profit trigger $800,3000.000000,30,profit,800.000000,400.000000,1,2500.000000,100.000000,200.000000,200.000000,400.000000,20,1.000000,18,2.000000,2020-04-01,2024-07-01,True,True,2400.000000,18000.000000,172.130000,10000.050000,17800.000000,-600.000000,15000.000000,-460.000000,33957.825000,0.222222,6501.855000,61724.225000,0.055556,0.000000,0.500000,0.000000,0.000000,4,3,17.000000,10.500000,False,4dbf14d8ca774c3bc096b838489211273133addf2b49d113730f7d85c77bf4a0
30,start_trigger,"profit trigger $1,000",3000.000000,30,profit,1000.000000,400.000000,1,2500.000000,100.000000,200.000000,200.000000,400.000000,20,1.000000,18,2.000000,2020-04-01,2024-07-01,True,True,2400.000000,15600.000000,172.130000,8562.800000,14900.000000,-600.000000,12600.000000,-422.830000,28510.675000,0.222222,5500.595000,50470.500000,0.055556,0.000000,0.500000,0.000000,0.000000,3,2,14.000000,8.000000,False,4dbf14d8ca774c3bc096b838489211273133addf2b49d113730f7d85c77bf4a0
31,start_trigger,"profit trigger $1,500",3000.000000,30,profit,1500.000000,400.000000,1,2500.000000,100.000000,200.000000,200.000000,400.000000,20,1.000000,18,2.000000,2020-04-01,2024-07-01,True,True,2800.000000,12000.000000,172.130000,5963.675000,10600.000000,-200.000000,9000.000000,32.130000,20193.200000,0.111111,4040.995000,36015.450000,0.055556,0.000000,0.500000,0.000000,0.000000,3,2,10.000000,5.500000,False,4dbf14d8ca774c3bc096b838489211273133addf2b49d113730f7d85c77bf4a0
32,start_trigger,"profit trigger $2,500",3000.000000,30,profit,2500.000000,400.000000,1,2500.000000,100.000000,200.000000,200.000000,400.000000,20,1.000000,18,2.000000,2020-04-01,2024-07-01,True,True,3340.000000,9100.000000,172.130000,4334.400000,7200.000000,340.000000,6100.000000,486.730000,13835.175000,0.055556,3606.535000,23588.950000,0.055556,0.000000,0.500000,0.000000,0.000000,2,1,6.000000,4.000000,False,4dbf14d8ca774c3bc096b838489211273133addf2b49d113730f7d85c77bf4a0
33,start_trigger,drawdown trigger $200,3000.000000,30,dd,1000.000000,200.000000,1,2500.000000,100.000000,200.000000,200.000000,400.000000,20,1.000000,18,2.000000,2020-04-01,2024-07-01,True,True,0.000000,51700.000000,0.000000,30581.675000,56000.000000,-3000.000000,48700.000000,-3000.000000,97563.125000,0.277778,-3000.000000,149563.125000,0.277778,0.277778,0.277778,0.500000,0.055556,15,15,20.000000,20.000000,False,4dbf14d8ca774c3bc096b838489211273133addf2b49d113730f7d85c77bf4a0
34,start_trigger,drawdown trigger $400,3000.000000,30,dd,1000.000000,400.000000,1,2500.000000,100.000000,200.000000,200.000000,400.000000,20,1.000000,18,2.000000,2020-04-01,2024-07-01,True,True,0.000000,47900.000000,0.000000,31177.025000,51900.000000,-3000.000000,44900.000000,-3000.000000,89490.025000,0.333333,-3000.000000,141490.025000,0.333333,0.333333,0.333333,0.500000,0.111111,15,15,20.000000,20.000000,False,4dbf14d8ca774c3bc096b838489211273133addf2b49d113730f7d85c77bf4a0
35,start_trigger,drawdown trigger $800,3000.000000,30,dd,1000.000000,800.000000,1,2500.000000,100.000000,200.000000,200.000000,400.000000,20,1.000000,18,2.000000,2020-04-01,2024-07-01,True,True,0.000000,46700.000000,0.000000,32105.275000,50300.000000,-3000.000000,43700.000000,-3000.000000,85809.425000,0.277778,-3000.000000,137809.425000,0.277778,0.277778,0.277778,0.500000,0.111111,15,7,20.000000,20.000000,False,4dbf14d8ca774c3bc096b838489211273133addf2b49d113730f7d85c77bf4a0
36,start_trigger,"drawdown trigger $1,200",3000.000000,30,dd,1000.000000,1200.000000,1,2500.000000,100.000000,200.000000,200.000000,400.000000,20,1.000000,18,2.000000,2020-04-01,2024-07-01,True,True,0.000000,45700.000000,0.000000,31811.375000,48900.000000,-3000.000000,42700.000000,-3000.000000,87107.600000,0.333333,-3000.000000,139107.600000,0.333333,0.333333,0.333333,0.500000,0.222222,15,12,20.000000,20.000000,False,4dbf14d8ca774c3bc096b838489211273133addf2b49d113730f7d85c77bf4a0
37,start_trigger,"drawdown trigger $2,000",3000.000000,30,dd,1000.000000,2000.000000,1,2500.000000,100.000000,200.000000,200.000000,400.000000,20,1.000000,18,2.000000,2020-04-01,2024-07-01,True,True,5100.000000,23400.000000,0.000000,16636.175000,24400.000000,2100.000000,20400.000000,2380.000000,41563.725000,0.111111,12504.125000,64182.000000,0.055556,0.055556,0.055556,0.666667,0.000000,15,1,21.000000,11.500000,False,4dbf14d8ca774c3bc096b838489211273133addf2b49d113730f7d85c77bf4a0
38,start_trigger,"any trigger, min 7d",3000.000000,30,any,1000.000000,400.000000,7,2500.000000,100.000000,200.000000,200.000000,400.000000,20,1.000000,18,2.000000,2020-04-01,2024-07-01,True,True,0.000000,44900.000000,0.000000,28327.000000,46700.000000,-3000.000000,41900.000000,-3000.000000,89649.425000,0.222222,-3000.000000,141649.425000,0.222222,0.222222,0.222222,0.444444,0.111111,12,9,20.000000,20.000000,False,4dbf14d8ca774c3bc096b838489211273133addf2b49d113730f7d85c77bf4a0
39,start_trigger,"any trigger, min 14d",3000.000000,30,any,1000.000000,400.000000,14,2500.000000,100.000000,200.000000,200.000000,400.000000,20,1.000000,18,2.000000,2020-04-01,2024-07-01,True,True,0.000000,42000.000000,0.000000,23649.750000,43500.000000,-3000.000000,39000.000000,-3000.000000,72962.400000,0.222222,-3000.000000,112011.225000,0.166667,0.166667,0.277778,0.444444,0.000000,11,2,22.000000,20.000000,False,4dbf14d8ca774c3bc096b838489211273133addf2b49d113730f7d85c77bf4a0
40,start_trigger,"any trigger, min 30d",3000.000000,30,any,1000.000000,400.000000,30,2500.000000,100.000000,200.000000,200.000000,400.000000,20,1.000000,18,2.000000,2020-04-01,2024-07-01,True,True,3220.000000,22400.000000,0.000000,12805.500000,24200.000000,220.000000,19400.000000,220.000000,36501.175000,0.111111,5600.655000,62638.075000,0.055556,0.000000,0.277778,0.111111,0.000000,6,1,24.000000,17.000000,False,4dbf14d8ca774c3bc096b838489211273133addf2b49d113730f7d85c77bf4a0
41,start_trigger,"any trigger, min 45d",3000.000000,30,any,1000.000000,400.000000,45,2500.000000,100.000000,200.000000,200.000000,400.000000,20,1.000000,18,2.000000,2020-04-01,2024-07-01,True,True,3080.000000,16200.000000,207.410000,8735.800000,16600.000000,80.000000,13200.000000,287.410000,25318.725000,0.111111,3605.530000,40668.375000,0.055556,0.000000,0.222222,0.000000,0.000000,4,1,17.000000,11.000000,False,4dbf14d8ca774c3bc096b838489211273133addf2b49d113730f7d85c77bf4a0
42,start_trigger,"any trigger, min 60d",3000.000000,30,any,1000.000000,400.000000,60,2500.000000,100.000000,200.000000,200.000000,400.000000,20,1.000000,18,2.000000,2020-04-01,2024-07-01,True,True,3140.000000,13400.000000,0.000000,6391.875000,12900.000000,140.000000,10400.000000,420.000000,19108.400000,0.111111,2656.860000,35397.425000,0.055556,0.000000,0.444444,0.000000,0.000000,3,1,13.000000,8.500000,False,4dbf14d8ca774c3bc096b838489211273133addf2b49d113730f7d85c77bf4a0
43,withdrawal,"$200/$400; seed $1,200; 30d",1200.000000,30,time,1000.000000,400.000000,1,2500.000000,100.000000,200.000000,200.000000,400.000000,20,1.000000,18,2.000000,2020-04-01,2024-07-01,True,True,0.000000,19400.000000,0.000000,11613.000000,22900.000000,-1200.000000,18200.000000,-1200.000000,33636.600000,0.222222,-1200.000000,61787.350000,0.166667,0.166667,0.333333,0.000000,0.000000,4,1,21.000000,15.500000,False,4dbf14d8ca774c3bc096b838489211273133addf2b49d113730f7d85c77bf4a0
44,withdrawal,"$200/$600; seed $1,200; 30d",1200.000000,30,time,1000.000000,400.000000,1,2500.000000,100.000000,200.000000,200.000000,600.000000,20,1.000000,18,2.000000,2020-04-01,2024-07-01,True,True,0.000000,12500.000000,0.000000,19756.600000,15800.000000,-1200.000000,11300.000000,-1200.000000,34605.625000,0.222222,-1200.000000,61456.375000,0.222222,0.222222,0.388889,0.000000,0.000000,4,1,20.000000,12.000000,False,4dbf14d8ca774c3bc096b838489211273133addf2b49d113730f7d85c77bf4a0
45,withdrawal,"$200/$1,000; seed $1,200; 30d",1200.000000,30,time,1000.000000,400.000000,1,2500.000000,100.000000,200.000000,200.000000,1000.000000,20,1.000000,18,2.000000,2020-04-01,2024-07-01,True,True,0.000000,5700.000000,0.000000,26458.425000,8100.000000,-1200.000000,4500.000000,-1200.000000,34458.425000,0.388889,-1200.000000,58991.550000,0.333333,0.333333,0.388889,0.000000,0.000000,4,1,16.000000,8.500000,False,4dbf14d8ca774c3bc096b838489211273133addf2b49d113730f7d85c77bf4a0
46,withdrawal,"$200/$2,000; seed $1,200; 30d",1200.000000,30,time,1000.000000,400.000000,1,2500.000000,100.000000,200.000000,200.000000,2000.000000,20,1.000000,18,2.000000,2020-04-01,2024-07-01,True,True,0.000000,1100.000000,0.000000,29162.575000,2400.000000,-1200.000000,-100.000000,-1200.000000,29062.575000,0.333333,-1200.000000,50883.250000,0.333333,0.333333,0.388889,0.000000,0.000000,4,1,12.500000,8.000000,False,4dbf14d8ca774c3bc096b838489211273133addf2b49d113730f7d85c77bf4a0
47,withdrawal,"$500/$2,500; seed $1,200; 30d",1200.000000,30,time,1000.000000,400.000000,1,2500.000000,100.000000,200.000000,500.000000,2500.000000,20,1.000000,18,2.000000,2020-04-01,2024-07-01,True,True,0.000000,3500.000000,0.000000,25895.575000,5000.000000,-1200.000000,2300.000000,-1200.000000,29458.900000,0.277778,-1200.000000,54513.800000,0.222222,0.222222,0.277778,0.000000,0.000000,4,1,13.500000,8.500000,False,4dbf14d8ca774c3bc096b838489211273133addf2b49d113730f7d85c77bf4a0
48,withdrawal,"$1,000/$2,000; seed $1,200; 30d",1200.000000,30,time,1000.000000,400.000000,1,2500.000000,100.000000,200.000000,1000.000000,2000.000000,20,1.000000,18,2.000000,2020-04-01,2024-07-01,True,True,0.000000,12400.000000,0.000000,12255.225000,15500.000000,-1200.000000,11200.000000,-1200.000000,27378.825000,0.277778,-1200.000000,50624.900000,0.222222,0.222222,0.333333,0.000000,0.000000,4,1,18.000000,10.000000,False,4dbf14d8ca774c3bc096b838489211273133addf2b49d113730f7d85c77bf4a0
49,withdrawal,"$1,000/$5,000; seed $1,200; 30d",1200.000000,30,time,1000.000000,400.000000,1,2500.000000,100.000000,200.000000,1000.000000,5000.000000,20,1.000000,18,2.000000,2020-04-01,2024-07-01,True,True,0.000000,3300.000000,0.000000,22518.225000,4000.000000,-1200.000000,2100.000000,-1200.000000,24618.225000,0.277778,-1200.000000,40533.900000,0.222222,0.222222,0.277778,0.000000,0.000000,4,1,9.000000,5.500000,False,4dbf14d8ca774c3bc096b838489211273133addf2b49d113730f7d85c77bf4a0
50,withdrawal,"$2,000/$4,000; seed $1,200; 30d",1200.000000,30,time,1000.000000,400.000000,1,2500.000000,100.000000,200.000000,2000.000000,4000.000000,20,1.000000,18,2.000000,2020-04-01,2024-07-01,True,True,0.000000,7700.000000,0.000000,12599.700000,9000.000000,-1200.000000,6500.000000,-1200.000000,31813.475000,0.277778,-1200.000000,48283.775000,0.222222,0.222222,0.277778,0.000000,0.000000,4,1,10.500000,7.000000,False,4dbf14d8ca774c3bc096b838489211273133addf2b49d113730f7d85c77bf4a0
51,withdrawal,"$200/$400; seed $1,200; 45d",1200.000000,45,time,1000.000000,400.000000,1,2500.000000,100.000000,200.000000,200.000000,400.000000,20,1.000000,18,2.000000,2020-04-01,2024-07-01,True,True,0.000000,13400.000000,0.000000,8276.825000,15500.000000,-1200.000000,12200.000000,-1200.000000,23321.375000,0.166667,-1200.000000,40668.375000,0.166667,0.166667,0.444444,0.000000,0.000000,4,1,16.000000,11.000000,False,4dbf14d8ca774c3bc096b838489211273133addf2b49d113730f7d85c77bf4a0
52,withdrawal,"$200/$600; seed $1,200; 45d",1200.000000,45,time,1000.000000,400.000000,1,2500.000000,100.000000,200.000000,200.000000,600.000000,20,1.000000,18,2.000000,2020-04-01,2024-07-01,True,True,0.000000,7900.000000,0.000000,14208.775000,9900.000000,-1200.000000,6700.000000,-1200.000000,21953.325000,0.222222,-1200.000000,39268.375000,0.166667,0.166667,0.388889,0.000000,0.000000,4,2,16.000000,10.500000,False,4dbf14d8ca774c3bc096b838489211273133addf2b49d113730f7d85c77bf4a0
53,withdrawal,"$200/$1,000; seed $1,200; 45d",1200.000000,45,time,1000.000000,400.000000,1,2500.000000,100.000000,200.000000,200.000000,1000.000000,20,1.000000,18,2.000000,2020-04-01,2024-07-01,True,True,0.000000,4400.000000,0.000000,19220.750000,6200.000000,-1200.000000,3200.000000,-1200.000000,24220.750000,0.222222,-1200.000000,42677.075000,0.166667,0.166667,0.388889,0.000000,0.000000,4,2,13.500000,6.000000,False,4dbf14d8ca774c3bc096b838489211273133addf2b49d113730f7d85c77bf4a0
54,withdrawal,"$200/$2,000; seed $1,200; 45d",1200.000000,45,time,1000.000000,400.000000,1,2500.000000,100.000000,200.000000,200.000000,2000.000000,20,1.000000,18,2.000000,2020-04-01,2024-07-01,True,True,0.000000,1100.000000,0.000000,22357.825000,2500.000000,-1200.000000,-100.000000,-1200.000000,23157.825000,0.222222,-1200.000000,36576.425000,0.222222,0.166667,0.277778,0.000000,0.000000,4,1,10.500000,5.500000,False,4dbf14d8ca774c3bc096b838489211273133addf2b49d113730f7d85c77bf4a0
55,withdrawal,"$500/$2,500; seed $1,200; 45d",1200.000000,45,time,1000.000000,400.000000,1,2500.000000,100.000000,200.000000,500.000000,2500.000000,20,1.000000,18,2.000000,2020-04-01,2024-07-01,True,True,0.000000,3750.000000,0.000000,18680.275000,5000.000000,-1200.000000,2550.000000,-1200.000000,22980.275000,0.222222,-1200.000000,37052.475000,0.166667,0.166667,0.277778,0.000000,0.000000,4,1,11.000000,5.500000,False,4dbf14d8ca774c3bc096b838489211273133addf2b49d113730f7d85c77bf4a0
56,withdrawal,"$1,000/$2,000; seed $1,200; 45d",1200.000000,45,time,1000.000000,400.000000,1,2500.000000,100.000000,200.000000,1000.000000,2000.000000,20,1.000000,18,2.000000,2020-04-01,2024-07-01,True,True,0.000000,8700.000000,0.000000,9469.300000,10500.000000,-1200.000000,7500.000000,-1200.000000,19913.850000,0.222222,-1200.000000,36247.975000,0.166667,0.166667,0.444444,0.000000,0.000000,4,1,14.000000,7.500000,False,4dbf14d8ca774c3bc096b838489211273133addf2b49d113730f7d85c77bf4a0
57,withdrawal,"$1,000/$5,000; seed $1,200; 45d",1200.000000,45,time,1000.000000,400.000000,1,2500.000000,100.000000,200.000000,1000.000000,5000.000000,20,1.000000,18,2.000000,2020-04-01,2024-07-01,True,True,0.000000,2800.000000,0.000000,20180.275000,3500.000000,-1200.000000,1600.000000,-1200.000000,23280.275000,0.222222,-1200.000000,34609.575000,0.166667,0.166667,0.277778,0.000000,0.000000,4,1,8.000000,5.000000,False,4dbf14d8ca774c3bc096b838489211273133addf2b49d113730f7d85c77bf4a0
58,withdrawal,"$2,000/$4,000; seed $1,200; 45d",1200.000000,45,time,1000.000000,400.000000,1,2500.000000,100.000000,200.000000,2000.000000,4000.000000,20,1.000000,18,2.000000,2020-04-01,2024-07-01,True,True,0.000000,7200.000000,0.000000,11724.550000,8000.000000,-1200.000000,6000.000000,-1200.000000,23224.550000,0.222222,-1200.000000,34962.650000,0.166667,0.166667,0.277778,0.000000,0.000000,4,1,9.000000,5.500000,False,4dbf14d8ca774c3bc096b838489211273133addf2b49d113730f7d85c77bf4a0
59,withdrawal,"$200/$400; seed $1,200; 60d",1200.000000,60,time,1000.000000,400.000000,1,2500.000000,100.000000,200.000000,200.000000,400.000000,20,1.000000,18,2.000000,2020-04-01,2024-07-01,True,True,900.000000,12700.000000,30.765000,7440.750000,14100.000000,-300.000000,11500.000000,-222.135000,21257.275000,0.111111,1737.505000,35397.425000,0.055556,0.055556,0.444444,0.000000,0.000000,3,1,13.000000,8.500000,False,4dbf14d8ca774c3bc096b838489211273133addf2b49d113730f7d85c77bf4a0
60,withdrawal,"$200/$600; seed $1,200; 60d",1200.000000,60,time,1000.000000,400.000000,1,2500.000000,100.000000,200.000000,200.000000,600.000000,20,1.000000,18,2.000000,2020-04-01,2024-07-01,True,True,280.000000,9100.000000,0.000000,12740.750000,10500.000000,-920.000000,7900.000000,-920.000000,21140.750000,0.222222,425.225000,38569.675000,0.111111,0.111111,0.444444,0.000000,0.000000,3,2,13.000000,8.500000,False,4dbf14d8ca774c3bc096b838489211273133addf2b49d113730f7d85c77bf4a0
61,withdrawal,"$200/$1,000; seed $1,200; 60d",1200.000000,60,time,1000.000000,400.000000,1,2500.000000,100.000000,200.000000,200.000000,1000.000000,20,1.000000,18,2.000000,2020-04-01,2024-07-01,True,True,0.000000,4500.000000,0.000000,18061.825000,5900.000000,-1200.000000,3300.000000,-1200.000000,22461.825000,0.222222,-69.185000,40653.450000,0.111111,0.111111,0.388889,0.000000,0.000000,3,2,12.000000,6.500000,False,4dbf14d8ca774c3bc096b838489211273133addf2b49d113730f7d85c77bf4a0
62,withdrawal,"$200/$2,000; seed $1,200; 60d",1200.000000,60,time,1000.000000,400.000000,1,2500.000000,100.000000,200.000000,200.000000,2000.000000,20,1.000000,18,2.000000,2020-04-01,2024-07-01,True,True,0.000000,1300.000000,0.000000,20221.825000,2200.000000,-1200.000000,100.000000,-1200.000000,20921.825000,0.222222,-1200.000000,34808.425000,0.166667,0.166667,0.333333,0.000000,0.000000,3,1,10.000000,5.000000,False,4dbf14d8ca774c3bc096b838489211273133addf2b49d113730f7d85c77bf4a0
63,withdrawal,"$500/$2,500; seed $1,200; 60d",1200.000000,60,time,1000.000000,400.000000,1,2500.000000,100.000000,200.000000,500.000000,2500.000000,20,1.000000,18,2.000000,2020-04-01,2024-07-01,True,True,0.000000,3950.000000,244.475000,17115.475000,4750.000000,-1200.000000,2750.000000,-955.525000,20915.475000,0.166667,864.475000,34893.350000,0.111111,0.111111,0.277778,0.000000,0.000000,3,1,9.500000,5.000000,False,4dbf14d8ca774c3bc096b838489211273133addf2b49d113730f7d85c77bf4a0
64,withdrawal,"$1,000/$2,000; seed $1,200; 60d",1200.000000,60,time,1000.000000,400.000000,1,2500.000000,100.000000,200.000000,1000.000000,2000.000000,20,1.000000,18,2.000000,2020-04-01,2024-07-01,True,True,0.000000,9600.000000,0.000000,8864.850000,11000.000000,-1200.000000,8400.000000,-1200.000000,20128.250000,0.222222,298.140000,33297.425000,0.111111,0.111111,0.333333,0.000000,0.000000,3,1,12.000000,7.500000,False,4dbf14d8ca774c3bc096b838489211273133addf2b49d113730f7d85c77bf4a0
65,withdrawal,"$1,000/$5,000; seed $1,200; 60d",1200.000000,60,time,1000.000000,400.000000,1,2500.000000,100.000000,200.000000,1000.000000,5000.000000,20,1.000000,18,2.000000,2020-04-01,2024-07-01,True,True,0.000000,2600.000000,244.475000,18019.250000,3000.000000,-1200.000000,1400.000000,-955.525000,20519.250000,0.166667,864.475000,31897.125000,0.111111,0.111111,0.277778,0.000000,0.000000,3,1,7.500000,5.000000,False,4dbf14d8ca774c3bc096b838489211273133addf2b49d113730f7d85c77bf4a0
66,withdrawal,"$2,000/$4,000; seed $1,200; 60d",1200.000000,60,time,1000.000000,400.000000,1,2500.000000,100.000000,200.000000,2000.000000,4000.000000,20,1.000000,18,2.000000,2020-04-01,2024-07-01,True,True,0.000000,6400.000000,244.475000,11025.800000,7000.000000,-1200.000000,5200.000000,-955.525000,20725.800000,0.166667,864.475000,35161.275000,0.111111,0.111111,0.277778,0.000000,0.000000,3,1,9.500000,5.000000,False,4dbf14d8ca774c3bc096b838489211273133addf2b49d113730f7d85c77bf4a0
67,withdrawal,"$200/$400; seed $3,000; 30d",3000.000000,30,time,1000.000000,400.000000,1,2500.000000,100.000000,200.000000,200.000000,400.000000,20,1.000000,18,2.000000,2020-04-01,2024-07-01,True,True,3220.000000,24000.000000,0.000000,12805.500000,25800.000000,220.000000,21000.000000,220.000000,38768.600000,0.111111,5600.655000,62638.075000,0.055556,0.000000,0.277778,0.111111,0.000000,6,1,24.000000,17.000000,False,4dbf14d8ca774c3bc096b838489211273133addf2b49d113730f7d85c77bf4a0
68,withdrawal,"$200/$600; seed $3,000; 30d",3000.000000,30,time,1000.000000,400.000000,1,2500.000000,100.000000,200.000000,200.000000,600.000000,20,1.000000,18,2.000000,2020-04-01,2024-07-01,True,True,1540.000000,16700.000000,0.000000,24813.400000,18500.000000,-1460.000000,13700.000000,-1266.860000,42062.425000,0.222222,3680.655000,69100.300000,0.055556,0.000000,0.277778,0.111111,0.000000,6,2,24.000000,17.500000,False,4dbf14d8ca774c3bc096b838489211273133addf2b49d113730f7d85c77bf4a0
69,withdrawal,"$200/$1,000; seed $3,000; 30d",3000.000000,30,time,1000.000000,400.000000,1,2500.000000,100.000000,200.000000,200.000000,1000.000000,20,1.000000,18,2.000000,2020-04-01,2024-07-01,True,True,0.000000,9200.000000,206.885000,34869.125000,11000.000000,-3000.000000,6200.000000,-2733.115000,43669.125000,0.277778,1311.660000,75937.175000,0.111111,0.000000,0.222222,0.111111,0.000000,6,1,23.500000,16.000000,False,4dbf14d8ca774c3bc096b838489211273133addf2b49d113730f7d85c77bf4a0
70,withdrawal,"$200/$2,000; seed $3,000; 30d",3000.000000,30,time,1000.000000,400.000000,1,2500.000000,100.000000,200.000000,200.000000,2000.000000,20,1.000000,18,2.000000,2020-04-01,2024-07-01,True,True,0.000000,3100.000000,0.000000,41021.275000,4400.000000,-3000.000000,100.000000,-3000.000000,42421.275000,0.222222,-2274.695000,72457.250000,0.166667,0.111111,0.277778,0.111111,0.000000,6,1,20.000000,10.000000,False,4dbf14d8ca774c3bc096b838489211273133addf2b49d113730f7d85c77bf4a0
71,withdrawal,"$500/$2,500; seed $3,000; 30d",3000.000000,30,time,1000.000000,400.000000,1,2500.000000,100.000000,200.000000,500.000000,2500.000000,20,1.000000,18,2.000000,2020-04-01,2024-07-01,True,True,0.000000,7800.000000,612.755000,35216.525000,9500.000000,-3000.000000,4800.000000,-2387.245000,42766.525000,0.222222,2542.980000,74837.175000,0.055556,0.000000,0.111111,0.111111,0.000000,6,1,20.000000,13.000000,False,4dbf14d8ca774c3bc096b838489211273133addf2b49d113730f7d85c77bf4a0
72,withdrawal,"$1,000/$2,000; seed $3,000; 30d",3000.000000,30,time,1000.000000,400.000000,1,2500.000000,100.000000,200.000000,1000.000000,2000.000000,20,1.000000,18,2.000000,2020-04-01,2024-07-01,True,True,200.000000,17200.000000,310.765000,15105.500000,19000.000000,-2800.000000,14200.000000,-1988.315000,36768.600000,0.277778,1417.895000,58638.075000,0.055556,0.000000,0.277778,0.111111,0.000000,6,1,24.000000,17.000000,False,4dbf14d8ca774c3bc096b838489211273133addf2b49d113730f7d85c77bf4a0
73,withdrawal,"$1,000/$5,000; seed $3,000; 30d",3000.000000,30,time,1000.000000,400.000000,1,2500.000000,100.000000,200.000000,1000.000000,5000.000000,20,1.000000,18,2.000000,2020-04-01,2024-07-01,True,True,0.000000,4800.000000,612.755000,37308.225000,5500.000000,-3000.000000,1800.000000,-2387.245000,42108.225000,0.222222,2542.980000,68952.225000,0.055556,0.000000,0.111111,0.111111,0.000000,6,1,18.000000,9.000000,False,4dbf14d8ca774c3bc096b838489211273133addf2b49d113730f7d85c77bf4a0
74,withdrawal,"$2,000/$4,000; seed $3,000; 30d",3000.000000,30,time,1000.000000,400.000000,1,2500.000000,100.000000,200.000000,2000.000000,4000.000000,20,1.000000,18,2.000000,2020-04-01,2024-07-01,True,True,0.000000,12300.000000,612.755000,23352.500000,13000.000000,-3000.000000,9300.000000,-2387.245000,42052.500000,0.222222,2542.980000,69444.200000,0.055556,0.000000,0.111111,0.111111,0.000000,6,1,19.000000,9.000000,False,4dbf14d8ca774c3bc096b838489211273133addf2b49d113730f7d85c77bf4a0
75,withdrawal,"$200/$400; seed $3,000; 45d",3000.000000,45,time,1000.000000,400.000000,1,2500.000000,100.000000,200.000000,200.000000,400.000000,20,1.000000,18,2.000000,2020-04-01,2024-07-01,True,True,3080.000000,16200.000000,207.410000,8735.800000,16600.000000,80.000000,13200.000000,287.410000,25017.975000,0.111111,3608.800000,40668.375000,0.055556,0.000000,0.222222,0.000000,0.000000,4,1,17.000000,11.000000,False,4dbf14d8ca774c3bc096b838489211273133addf2b49d113730f7d85c77bf4a0
76,withdrawal,"$200/$600; seed $3,000; 45d",3000.000000,45,time,1000.000000,400.000000,1,2500.000000,100.000000,200.000000,200.000000,600.000000,20,1.000000,18,2.000000,2020-04-01,2024-07-01,True,True,1740.000000,10300.000000,347.410000,15973.425000,10700.000000,-1260.000000,7300.000000,-912.590000,24317.975000,0.222222,2288.800000,39268.375000,0.055556,0.000000,0.166667,0.000000,0.000000,4,1,17.000000,11.000000,False,4dbf14d8ca774c3bc096b838489211273133addf2b49d113730f7d85c77bf4a0
77,withdrawal,"$200/$1,000; seed $3,000; 45d",3000.000000,45,time,1000.000000,400.000000,1,2500.000000,100.000000,200.000000,200.000000,1000.000000,20,1.000000,18,2.000000,2020-04-01,2024-07-01,True,True,740.000000,6400.000000,347.410000,22229.150000,6800.000000,-2260.000000,3400.000000,-1792.590000,27429.150000,0.277778,1228.800000,46705.250000,0.055556,0.000000,0.166667,0.000000,0.000000,4,2,17.000000,11.500000,False,4dbf14d8ca774c3bc096b838489211273133addf2b49d113730f7d85c77bf4a0
78,withdrawal,"$200/$2,000; seed $3,000; 45d",3000.000000,45,time,1000.000000,400.000000,1,2500.000000,100.000000,200.000000,200.000000,2000.000000,20,1.000000,18,2.000000,2020-04-01,2024-07-01,True,True,0.000000,2300.000000,1245.300000,26929.150000,2700.000000,-3000.000000,-700.000000,-1754.700000,27129.150000,0.222222,3291.825000,46105.250000,0.111111,0.000000,0.166667,0.000000,0.000000,4,1,17.000000,11.500000,False,4dbf14d8ca774c3bc096b838489211273133addf2b49d113730f7d85c77bf4a0
79,withdrawal,"$500/$2,500; seed $3,000; 45d",3000.000000,45,time,1000.000000,400.000000,1,2500.000000,100.000000,200.000000,500.000000,2500.000000,20,1.000000,18,2.000000,2020-04-01,2024-07-01,True,True,0.000000,5100.000000,1430.505000,23279.150000,5500.000000,-3000.000000,2100.000000,-1569.495000,27129.150000,0.222222,4999.220000,46105.250000,0.055556,0.000000,0.111111,0.000000,0.000000,4,1,17.000000,12.000000,False,4dbf14d8ca774c3bc096b838489211273133addf2b49d113730f7d85c77bf4a0
80,withdrawal,"$1,000/$2,000; seed $3,000; 45d",3000.000000,45,time,1000.000000,400.000000,1,2500.000000,100.000000,200.000000,1000.000000,2000.000000,20,1.000000,18,2.000000,2020-04-01,2024-07-01,True,True,600.000000,11100.000000,501.930000,10435.800000,11500.000000,-2400.000000,8100.000000,-1457.230000,23617.975000,0.277778,1503.990000,37868.375000,0.055556,0.000000,0.222222,0.000000,0.000000,4,1,17.000000,11.000000,False,4dbf14d8ca774c3bc096b838489211273133addf2b49d113730f7d85c77bf4a0
81,withdrawal,"$1,000/$5,000; seed $3,000; 45d",3000.000000,45,time,1000.000000,400.000000,1,2500.000000,100.000000,200.000000,1000.000000,5000.000000,20,1.000000,18,2.000000,2020-04-01,2024-07-01,True,True,0.000000,3200.000000,1430.505000,25029.150000,3500.000000,-3000.000000,200.000000,-1569.495000,27229.150000,0.222222,4999.220000,46105.250000,0.055556,0.000000,0.111111,0.000000,0.000000,4,1,16.000000,10.500000,False,4dbf14d8ca774c3bc096b838489211273133addf2b49d113730f7d85c77bf4a0
82,withdrawal,"$2,000/$4,000; seed $3,000; 45d",3000.000000,45,time,1000.000000,400.000000,1,2500.000000,100.000000,200.000000,2000.000000,4000.000000,20,1.000000,18,2.000000,2020-04-01,2024-07-01,True,True,0.000000,10700.000000,1430.505000,15116.950000,11000.000000,-3000.000000,7700.000000,-1569.495000,27173.425000,0.222222,4999.220000,46105.250000,0.055556,0.000000,0.111111,0.000000,0.000000,4,1,16.000000,11.000000,False,4dbf14d8ca774c3bc096b838489211273133addf2b49d113730f7d85c77bf4a0
83,withdrawal,"$200/$400; seed $3,000; 60d",3000.000000,60,time,1000.000000,400.000000,1,2500.000000,100.000000,200.000000,200.000000,400.000000,20,1.000000,18,2.000000,2020-04-01,2024-07-01,True,True,3280.000000,14500.000000,172.130000,7440.750000,14100.000000,280.000000,11500.000000,280.000000,21257.275000,0.111111,3503.880000,35397.425000,0.055556,0.000000,0.444444,0.000000,0.000000,3,1,13.000000,8.500000,False,4dbf14d8ca774c3bc096b838489211273133addf2b49d113730f7d85c77bf4a0
84,withdrawal,"$200/$600; seed $3,000; 60d",3000.000000,60,time,1000.000000,400.000000,1,2500.000000,100.000000,200.000000,200.000000,600.000000,20,1.000000,18,2.000000,2020-04-01,2024-07-01,True,True,2140.000000,10900.000000,312.130000,12740.750000,10500.000000,-860.000000,7900.000000,-841.895000,21140.750000,0.166667,2407.125000,38569.675000,0.055556,0.000000,0.333333,0.000000,0.000000,3,1,13.000000,8.500000,False,4dbf14d8ca774c3bc096b838489211273133addf2b49d113730f7d85c77bf4a0
85,withdrawal,"$200/$1,000; seed $3,000; 60d",3000.000000,60,time,1000.000000,400.000000,1,2500.000000,100.000000,200.000000,200.000000,1000.000000,20,1.000000,18,2.000000,2020-04-01,2024-07-01,True,True,1140.000000,6300.000000,489.965000,17996.475000,5900.000000,-1860.000000,3300.000000,-1197.755000,22396.475000,0.222222,1567.765000,41125.400000,0.055556,0.000000,0.333333,0.000000,0.000000,3,1,13.000000,9.000000,False,4dbf14d8ca774c3bc096b838489211273133addf2b49d113730f7d85c77bf4a0
86,withdrawal,"$200/$2,000; seed $3,000; 60d",3000.000000,60,time,1000.000000,400.000000,1,2500.000000,100.000000,200.000000,200.000000,2000.000000,20,1.000000,18,2.000000,2020-04-01,2024-07-01,True,True,600.000000,2900.000000,820.260000,21496.475000,2500.000000,-2400.000000,-100.000000,-1579.740000,21996.475000,0.222222,2449.910000,40725.400000,0.055556,0.000000,0.222222,0.000000,0.000000,3,1,13.000000,9.000000,False,4dbf14d8ca774c3bc096b838489211273133addf2b49d113730f7d85c77bf4a0
87,withdrawal,"$500/$2,500; seed $3,000; 60d",3000.000000,60,time,1000.000000,400.000000,1,2500.000000,100.000000,200.000000,500.000000,2500.000000,20,1.000000,18,2.000000,2020-04-01,2024-07-01,True,True,400.000000,5900.000000,1065.035000,18346.475000,5500.000000,-2600.000000,2900.000000,-1474.965000,21996.475000,0.222222,3301.895000,40725.400000,0.055556,0.000000,0.166667,0.000000,0.000000,3,1,13.000000,9.500000,False,4dbf14d8ca774c3bc096b838489211273133addf2b49d113730f7d85c77bf4a0
88,withdrawal,"$1,000/$2,000; seed $3,000; 60d",3000.000000,60,time,1000.000000,400.000000,1,2500.000000,100.000000,200.000000,1000.000000,2000.000000,20,1.000000,18,2.000000,2020-04-01,2024-07-01,True,True,1400.000000,11900.000000,575.050000,8864.850000,11500.000000,-1600.000000,8900.000000,-1277.755000,20304.650000,0.222222,1605.985000,33297.425000,0.055556,0.000000,0.333333,0.000000,0.000000,3,1,13.000000,8.500000,False,4dbf14d8ca774c3bc096b838489211273133addf2b49d113730f7d85c77bf4a0
89,withdrawal,"$1,000/$5,000; seed $3,000; 60d",3000.000000,60,time,1000.000000,400.000000,1,2500.000000,100.000000,200.000000,1000.000000,5000.000000,20,1.000000,18,2.000000,2020-04-01,2024-07-01,True,True,400.000000,3400.000000,1065.035000,20096.475000,3000.000000,-2600.000000,400.000000,-1474.965000,21996.475000,0.222222,3301.895000,40725.400000,0.055556,0.000000,0.166667,0.000000,0.000000,3,1,13.000000,9.500000,False,4dbf14d8ca774c3bc096b838489211273133addf2b49d113730f7d85c77bf4a0
90,withdrawal,"$2,000/$4,000; seed $3,000; 60d",3000.000000,60,time,1000.000000,400.000000,1,2500.000000,100.000000,200.000000,2000.000000,4000.000000,20,1.000000,18,2.000000,2020-04-01,2024-07-01,True,True,400.000000,7400.000000,1065.035000,12640.750000,7000.000000,-2600.000000,4400.000000,-1474.965000,22040.750000,0.222222,3301.895000,40725.400000,0.055556,0.000000,0.166667,0.000000,0.000000,3,1,13.000000,9.500000,False,4dbf14d8ca774c3bc096b838489211273133addf2b49d113730f7d85c77bf4a0
91,dd_same_price,"DD $1,000; seed $1,200",1200.000000,30,time,1000.000000,400.000000,1,1000.000000,100.000000,200.000000,200.000000,400.000000,20,1.000000,18,2.000000,2020-04-01,2024-07-01,True,True,0.000000,3700.000000,0.000000,4090.800000,8300.000000,-1200.000000,2500.000000,-1200.000000,7319.700000,0.388889,-1200.000000,13256.275000,0.388889,0.388889,0.833333,0.000000,0.000000,3,3,24.000000,3.500000,True,4dbf14d8ca774c3bc096b838489211273133addf2b49d113730f7d85c77bf4a0
92,dd_same_price,"DD $1,500; seed $1,200",1200.000000,30,time,1000.000000,400.000000,1,1500.000000,100.000000,200.000000,200.000000,400.000000,20,1.000000,18,2.000000,2020-04-01,2024-07-01,True,True,0.000000,6800.000000,0.000000,5101.750000,10700.000000,-1200.000000,5600.000000,-1200.000000,14179.625000,0.222222,-1200.000000,24224.375000,0.222222,0.222222,0.777778,0.055556,0.000000,5,2,24.000000,7.000000,True,4dbf14d8ca774c3bc096b838489211273133addf2b49d113730f7d85c77bf4a0
93,dd_same_price,"DD $2,000; seed $1,200",1200.000000,30,time,1000.000000,400.000000,1,2000.000000,100.000000,200.000000,200.000000,400.000000,20,1.000000,18,2.000000,2020-04-01,2024-07-01,True,True,0.000000,7100.000000,0.000000,6943.100000,10800.000000,-1200.000000,5900.000000,-1200.000000,14900.900000,0.333333,-1200.000000,35135.475000,0.333333,0.333333,0.611111,0.444444,0.055556,6,6,23.500000,8.000000,True,4dbf14d8ca774c3bc096b838489211273133addf2b49d113730f7d85c77bf4a0
94,dd_same_price,"DD $2,500; seed $1,200",1200.000000,30,time,1000.000000,400.000000,1,2500.000000,100.000000,200.000000,200.000000,400.000000,20,1.000000,18,2.000000,2020-04-01,2024-07-01,True,True,0.000000,19400.000000,0.000000,11613.000000,22900.000000,-1200.000000,18200.000000,-1200.000000,33636.600000,0.222222,-1200.000000,61787.350000,0.166667,0.166667,0.333333,0.000000,0.000000,4,1,21.000000,15.500000,True,4dbf14d8ca774c3bc096b838489211273133addf2b49d113730f7d85c77bf4a0
95,dd_same_price,"DD $3,000; seed $1,200",1200.000000,30,time,1000.000000,400.000000,1,3000.000000,100.000000,200.000000,200.000000,400.000000,20,1.000000,18,2.000000,2020-04-01,2024-07-01,True,True,0.000000,19300.000000,0.000000,10036.300000,22800.000000,-1200.000000,18100.000000,-1200.000000,33676.025000,0.277778,643.415000,69145.375000,0.111111,0.111111,0.111111,0.166667,0.055556,6,6,20.000000,13.500000,True,4dbf14d8ca774c3bc096b838489211273133addf2b49d113730f7d85c77bf4a0
96,dd_same_price,"DD $4,000; seed $1,200",1200.000000,30,time,1000.000000,400.000000,1,4000.000000,100.000000,200.000000,200.000000,400.000000,20,1.000000,18,2.000000,2020-04-01,2024-07-01,True,True,0.000000,10900.000000,0.000000,5893.400000,13300.000000,-1200.000000,9700.000000,-1200.000000,24049.850000,0.444444,-1200.000000,68983.375000,0.222222,0.166667,0.166667,0.333333,0.000000,8,1,16.000000,10.000000,True,4dbf14d8ca774c3bc096b838489211273133addf2b49d113730f7d85c77bf4a0
97,dd_same_price,"DD $5,000; seed $1,200",1200.000000,30,time,1000.000000,400.000000,1,5000.000000,100.000000,200.000000,200.000000,400.000000,20,1.000000,18,2.000000,2020-04-01,2024-07-01,True,True,0.000000,6200.000000,0.000000,3672.925000,7900.000000,-1200.000000,5000.000000,-1200.000000,13281.550000,0.333333,11225.510000,68643.375000,0.055556,0.000000,0.000000,0.111111,0.000000,9,0,13.500000,13.000000,True,4dbf14d8ca774c3bc096b838489211273133addf2b49d113730f7d85c77bf4a0
98,dd_same_price,"DD $6,500; seed $1,200",1200.000000,30,time,1000.000000,400.000000,1,6500.000000,100.000000,200.000000,200.000000,400.000000,20,1.000000,18,2.000000,2020-04-01,2024-07-01,True,True,0.000000,2800.000000,0.000000,1052.500000,3700.000000,-1200.000000,1600.000000,-1200.000000,5763.525000,0.444444,11225.510000,53247.575000,0.055556,0.000000,0.000000,0.111111,0.000000,10,0,10.000000,10.000000,True,4dbf14d8ca774c3bc096b838489211273133addf2b49d113730f7d85c77bf4a0
99,dd_same_price,"DD $1,000; seed $3,000",3000.000000,30,time,1000.000000,400.000000,1,1000.000000,100.000000,200.000000,200.000000,400.000000,20,1.000000,18,2.000000,2020-04-01,2024-07-01,True,True,1540.000000,11800.000000,464.415000,6669.075000,14200.000000,-1460.000000,8800.000000,-715.585000,17126.050000,0.222222,319.135000,21629.975000,0.111111,0.000000,0.833333,0.000000,0.000000,3,3,26.500000,5.500000,True,4dbf14d8ca774c3bc096b838489211273133addf2b49d113730f7d85c77bf4a0
100,dd_same_price,"DD $1,500; seed $3,000",3000.000000,30,time,1000.000000,400.000000,1,1500.000000,100.000000,200.000000,200.000000,400.000000,20,1.000000,18,2.000000,2020-04-01,2024-07-01,True,True,2080.000000,16600.000000,377.090000,6842.925000,18700.000000,-920.000000,13600.000000,-613.590000,24298.850000,0.166667,1677.365000,31352.050000,0.055556,0.000000,0.777778,0.111111,0.000000,6,2,25.000000,8.000000,True,4dbf14d8ca774c3bc096b838489211273133addf2b49d113730f7d85c77bf4a0
101,dd_same_price,"DD $2,000; seed $3,000",3000.000000,30,time,1000.000000,400.000000,1,2000.000000,100.000000,200.000000,200.000000,400.000000,20,1.000000,18,2.000000,2020-04-01,2024-07-01,True,True,540.000000,20200.000000,0.000000,10746.100000,22200.000000,-2460.000000,17200.000000,-2460.000000,31074.575000,0.222222,-813.320000,47698.550000,0.166667,0.055556,0.500000,0.444444,0.000000,6,2,25.000000,11.500000,True,4dbf14d8ca774c3bc096b838489211273133addf2b49d113730f7d85c77bf4a0
102,dd_same_price,"DD $2,500; seed $3,000",3000.000000,30,time,1000.000000,400.000000,1,2500.000000,100.000000,200.000000,200.000000,400.000000,20,1.000000,18,2.000000,2020-04-01,2024-07-01,True,True,3220.000000,24000.000000,0.000000,12805.500000,25800.000000,220.000000,21000.000000,220.000000,38768.600000,0.111111,5600.655000,62638.075000,0.055556,0.000000,0.277778,0.111111,0.000000,6,1,24.000000,17.000000,True,4dbf14d8ca774c3bc096b838489211273133addf2b49d113730f7d85c77bf4a0
103,dd_same_price,"DD $3,000; seed $3,000",3000.000000,30,time,1000.000000,400.000000,1,3000.000000,100.000000,200.000000,200.000000,400.000000,20,1.000000,18,2.000000,2020-04-01,2024-07-01,True,True,2000.000000,22600.000000,0.000000,11319.000000,24300.000000,-1000.000000,19600.000000,-860.000000,36458.725000,0.222222,5926.040000,69300.300000,0.055556,0.000000,0.000000,0.222222,0.000000,8,0,24.000000,18.000000,True,4dbf14d8ca774c3bc096b838489211273133addf2b49d113730f7d85c77bf4a0
104,dd_same_price,"DD $4,000; seed $3,000",3000.000000,30,time,1000.000000,400.000000,1,4000.000000,100.000000,200.000000,200.000000,400.000000,20,1.000000,18,2.000000,2020-04-01,2024-07-01,True,True,0.000000,17900.000000,0.000000,7510.900000,19000.000000,-3000.000000,14900.000000,-3000.000000,31610.900000,0.444444,-1279.985000,83249.850000,0.166667,0.000000,0.000000,0.444444,0.000000,10,0,20.500000,16.500000,True,4dbf14d8ca774c3bc096b838489211273133addf2b49d113730f7d85c77bf4a0
105,dd_same_price,"DD $5,000; seed $3,000",3000.000000,30,time,1000.000000,400.000000,1,5000.000000,100.000000,200.000000,200.000000,400.000000,20,1.000000,18,2.000000,2020-04-01,2024-07-01,True,True,0.000000,10800.000000,0.000000,3930.800000,11800.000000,-3000.000000,7800.000000,-3000.000000,20417.075000,0.388889,28934.555000,90575.325000,0.055556,0.000000,0.000000,0.111111,0.000000,9,0,20.000000,20.000000,True,4dbf14d8ca774c3bc096b838489211273133addf2b49d113730f7d85c77bf4a0
106,dd_same_price,"DD $6,500; seed $3,000",3000.000000,30,time,1000.000000,400.000000,1,6500.000000,100.000000,200.000000,200.000000,400.000000,20,1.000000,18,2.000000,2020-04-01,2024-07-01,True,True,0.000000,4100.000000,0.000000,1052.500000,4900.000000,-3000.000000,1100.000000,-3000.000000,6593.925000,0.500000,28934.555000,87058.575000,0.055556,0.000000,0.000000,0.111111,0.000000,10,0,19.000000,15.500000,True,4dbf14d8ca774c3bc096b838489211273133addf2b49d113730f7d85c77bf4a0
107,seat_cap,cap 1; every 30d,3000.000000,30,time,1000.000000,400.000000,1,2500.000000,100.000000,200.000000,200.000000,400.000000,1,1.000000,18,2.000000,2020-04-01,2024-07-01,True,True,3600.000000,6200.000000,131.005000,2652.375000,3600.000000,600.000000,3200.000000,792.995000,6958.725000,0.000000,3112.710000,9558.725000,0.000000,0.000000,0.500000,0.000000,0.000000,1,1,1.500000,1.000000,False,4dbf14d8ca774c3bc096b838489211273133addf2b49d113730f7d85c77bf4a0
108,seat_cap,cap 2; every 30d,3000.000000,30,time,1000.000000,400.000000,1,2500.000000,100.000000,200.000000,200.000000,400.000000,2,1.000000,18,2.000000,2020-04-01,2024-07-01,True,True,3740.000000,8800.000000,131.005000,4977.900000,6500.000000,740.000000,5800.000000,984.620000,12422.675000,0.000000,5278.135000,17622.675000,0.000000,0.000000,0.111111,0.000000,0.000000,2,2,3.000000,2.000000,False,4dbf14d8ca774c3bc096b838489211273133addf2b49d113730f7d85c77bf4a0
109,seat_cap,cap 3; every 30d,3000.000000,30,time,1000.000000,400.000000,1,2500.000000,100.000000,200.000000,200.000000,400.000000,3,1.000000,18,2.000000,2020-04-01,2024-07-01,True,True,3800.000000,10800.000000,48.615000,6850.825000,8700.000000,800.000000,7800.000000,988.475000,16794.775000,0.000000,5393.865000,24594.775000,0.000000,0.000000,0.111111,0.000000,0.000000,3,3,4.500000,3.000000,False,4dbf14d8ca774c3bc096b838489211273133addf2b49d113730f7d85c77bf4a0
110,seat_cap,cap 5; every 30d,3000.000000,30,time,1000.000000,400.000000,1,2500.000000,100.000000,200.000000,200.000000,400.000000,5,1.000000,18,2.000000,2020-04-01,2024-07-01,True,True,3880.000000,14400.000000,48.615000,9235.800000,12700.000000,880.000000,11400.000000,955.045000,24336.675000,0.000000,6098.715000,37336.675000,0.000000,0.000000,0.111111,0.000000,0.000000,4,1,8.500000,5.000000,False,4dbf14d8ca774c3bc096b838489211273133addf2b49d113730f7d85c77bf4a0
111,seat_cap,cap 8; every 30d,3000.000000,30,time,1000.000000,400.000000,1,2500.000000,100.000000,200.000000,200.000000,400.000000,8,1.000000,18,2.000000,2020-04-01,2024-07-01,True,True,3640.000000,20300.000000,0.000000,11455.175000,19200.000000,640.000000,17300.000000,640.000000,35256.850000,0.111111,6176.350000,51828.700000,0.055556,0.000000,0.166667,0.055556,0.000000,5,1,12.500000,8.000000,False,4dbf14d8ca774c3bc096b838489211273133addf2b49d113730f7d85c77bf4a0
112,seat_cap,cap 10; every 30d,3000.000000,30,time,1000.000000,400.000000,1,2500.000000,100.000000,200.000000,200.000000,400.000000,10,1.000000,18,2.000000,2020-04-01,2024-07-01,True,True,3360.000000,23400.000000,0.000000,12483.300000,22700.000000,360.000000,20400.000000,360.000000,36920.150000,0.111111,5956.350000,56419.300000,0.055556,0.000000,0.166667,0.111111,0.000000,6,1,16.000000,10.000000,False,4dbf14d8ca774c3bc096b838489211273133addf2b49d113730f7d85c77bf4a0
113,seat_cap,cap 15; every 30d,3000.000000,30,time,1000.000000,400.000000,1,2500.000000,100.000000,200.000000,200.000000,400.000000,15,1.000000,18,2.000000,2020-04-01,2024-07-01,True,True,3220.000000,24100.000000,0.000000,12805.500000,25400.000000,220.000000,21100.000000,220.000000,38562.575000,0.111111,5600.655000,62264.825000,0.055556,0.000000,0.277778,0.111111,0.000000,6,1,20.500000,15.000000,False,4dbf14d8ca774c3bc096b838489211273133addf2b49d113730f7d85c77bf4a0
114,seat_cap,cap 20; every 30d,3000.000000,30,time,1000.000000,400.000000,1,2500.000000,100.000000,200.000000,200.000000,400.000000,20,1.000000,18,2.000000,2020-04-01,2024-07-01,True,True,3220.000000,24000.000000,0.000000,12805.500000,25800.000000,220.000000,21000.000000,220.000000,38768.600000,0.111111,5600.655000,62638.075000,0.055556,0.000000,0.277778,0.111111,0.000000,6,1,24.000000,17.000000,False,4dbf14d8ca774c3bc096b838489211273133addf2b49d113730f7d85c77bf4a0
115,seat_cap,cap 25; every 30d,3000.000000,30,time,1000.000000,400.000000,1,2500.000000,100.000000,200.000000,200.000000,400.000000,25,1.000000,18,2.000000,2020-04-01,2024-07-01,True,True,3220.000000,23800.000000,0.000000,12805.500000,25800.000000,220.000000,20800.000000,220.000000,38568.600000,0.111111,5600.655000,62638.075000,0.055556,0.000000,0.277778,0.111111,0.000000,6,1,24.000000,17.000000,False,4dbf14d8ca774c3bc096b838489211273133addf2b49d113730f7d85c77bf4a0
116,seat_cap,cap 1; every 45d,3000.000000,45,time,1000.000000,400.000000,1,2500.000000,100.000000,200.000000,200.000000,400.000000,1,1.000000,18,2.000000,2020-04-01,2024-07-01,True,True,3600.000000,6200.000000,131.005000,2652.375000,3600.000000,600.000000,3200.000000,792.995000,6958.725000,0.000000,3112.710000,9558.725000,0.000000,0.000000,0.500000,0.000000,0.000000,1,1,1.500000,1.000000,False,4dbf14d8ca774c3bc096b838489211273133addf2b49d113730f7d85c77bf4a0
117,seat_cap,cap 2; every 45d,3000.000000,45,time,1000.000000,400.000000,1,2500.000000,100.000000,200.000000,200.000000,400.000000,2,1.000000,18,2.000000,2020-04-01,2024-07-01,True,True,3400.000000,8200.000000,0.000000,4150.650000,5800.000000,400.000000,5200.000000,540.000000,11093.450000,0.000000,2858.135000,16293.450000,0.000000,0.000000,0.166667,0.000000,0.000000,2,2,3.000000,2.000000,False,4dbf14d8ca774c3bc096b838489211273133addf2b49d113730f7d85c77bf4a0
118,seat_cap,cap 3; every 45d,3000.000000,45,time,1000.000000,400.000000,1,2500.000000,100.000000,200.000000,200.000000,400.000000,3,1.000000,18,2.000000,2020-04-01,2024-07-01,True,True,3620.000000,10100.000000,0.000000,5485.300000,7900.000000,620.000000,7100.000000,654.440000,15143.000000,0.000000,3437.265000,22943.000000,0.000000,0.000000,0.166667,0.000000,0.000000,3,3,4.500000,3.000000,False,4dbf14d8ca774c3bc096b838489211273133addf2b49d113730f7d85c77bf4a0
119,seat_cap,cap 5; every 45d,3000.000000,45,time,1000.000000,400.000000,1,2500.000000,100.000000,200.000000,200.000000,400.000000,5,1.000000,18,2.000000,2020-04-01,2024-07-01,True,True,3340.000000,14600.000000,0.000000,7497.175000,12800.000000,340.000000,11600.000000,340.000000,23393.325000,0.055556,3437.265000,33793.325000,0.000000,0.000000,0.166667,0.000000,0.000000,4,1,8.000000,5.000000,False,4dbf14d8ca774c3bc096b838489211273133addf2b49d113730f7d85c77bf4a0
120,seat_cap,cap 8; every 45d,3000.000000,45,time,1000.000000,400.000000,1,2500.000000,100.000000,200.000000,200.000000,400.000000,8,1.000000,18,2.000000,2020-04-01,2024-07-01,True,True,3080.000000,16300.000000,207.410000,8422.550000,15900.000000,80.000000,13300.000000,287.410000,24505.300000,0.111111,3608.800000,38805.300000,0.055556,0.000000,0.222222,0.000000,0.000000,4,1,13.000000,8.000000,False,4dbf14d8ca774c3bc096b838489211273133addf2b49d113730f7d85c77bf4a0
121,seat_cap,cap 10; every 45d,3000.000000,45,time,1000.000000,400.000000,1,2500.000000,100.000000,200.000000,200.000000,400.000000,10,1.000000,18,2.000000,2020-04-01,2024-07-01,True,True,3080.000000,16500.000000,207.410000,8735.800000,16400.000000,80.000000,13500.000000,287.410000,25084.375000,0.111111,3608.800000,40295.125000,0.055556,0.000000,0.222222,0.000000,0.000000,4,1,15.500000,10.000000,False,4dbf14d8ca774c3bc096b838489211273133addf2b49d113730f7d85c77bf4a0
122,seat_cap,cap 15; every 45d,3000.000000,45,time,1000.000000,400.000000,1,2500.000000,100.000000,200.000000,200.000000,400.000000,15,1.000000,18,2.000000,2020-04-01,2024-07-01,True,True,3080.000000,16200.000000,207.410000,8735.800000,16600.000000,80.000000,13200.000000,287.410000,25017.975000,0.111111,3608.800000,40668.375000,0.055556,0.000000,0.222222,0.000000,0.000000,4,1,17.000000,11.000000,False,4dbf14d8ca774c3bc096b838489211273133addf2b49d113730f7d85c77bf4a0
123,seat_cap,cap 20; every 45d,3000.000000,45,time,1000.000000,400.000000,1,2500.000000,100.000000,200.000000,200.000000,400.000000,20,1.000000,18,2.000000,2020-04-01,2024-07-01,True,True,3080.000000,16200.000000,207.410000,8735.800000,16600.000000,80.000000,13200.000000,287.410000,25017.975000,0.111111,3608.800000,40668.375000,0.055556,0.000000,0.222222,0.000000,0.000000,4,1,17.000000,11.000000,False,4dbf14d8ca774c3bc096b838489211273133addf2b49d113730f7d85c77bf4a0
124,seat_cap,cap 25; every 45d,3000.000000,45,time,1000.000000,400.000000,1,2500.000000,100.000000,200.000000,200.000000,400.000000,25,1.000000,18,2.000000,2020-04-01,2024-07-01,True,True,3080.000000,16200.000000,207.410000,8735.800000,16600.000000,80.000000,13200.000000,287.410000,25017.975000,0.111111,3608.800000,40668.375000,0.055556,0.000000,0.222222,0.000000,0.000000,4,1,17.000000,11.000000,False,4dbf14d8ca774c3bc096b838489211273133addf2b49d113730f7d85c77bf4a0
125,payout_split,"80%; seed $2,000; 30d",2000.000000,30,time,1000.000000,400.000000,1,2500.000000,100.000000,200.000000,200.000000,400.000000,20,0.800000,18,2.000000,2020-04-01,2024-07-01,True,True,136.000000,17520.000000,0.000000,10244.400000,20320.000000,-1864.000000,15520.000000,-1864.000000,29636.020000,0.222222,653.984000,49110.460000,0.111111,0.111111,0.333333,0.111111,0.000000,6,2,23.500000,17.000000,False,4dbf14d8ca774c3bc096b838489211273133addf2b49d113730f7d85c77bf4a0
126,payout_split,"90%; seed $2,000; 30d",2000.000000,30,time,1000.000000,400.000000,1,2500.000000,100.000000,200.000000,200.000000,400.000000,20,0.900000,18,2.000000,2020-04-01,2024-07-01,True,True,308.000000,20060.000000,0.000000,11524.950000,22860.000000,-1692.000000,18060.000000,-1692.000000,33940.522500,0.166667,1193.232000,55874.267500,0.111111,0.111111,0.333333,0.111111,0.000000,6,2,23.500000,17.000000,False,4dbf14d8ca774c3bc096b838489211273133addf2b49d113730f7d85c77bf4a0
127,payout_split,"100%; seed $2,000; 30d",2000.000000,30,time,1000.000000,400.000000,1,2500.000000,100.000000,200.000000,200.000000,400.000000,20,1.000000,18,2.000000,2020-04-01,2024-07-01,True,True,420.000000,23000.000000,0.000000,12805.500000,25800.000000,-1580.000000,21000.000000,-1580.000000,38768.600000,0.166667,1672.480000,62638.075000,0.111111,0.111111,0.333333,0.111111,0.000000,6,2,23.500000,17.000000,False,4dbf14d8ca774c3bc096b838489211273133addf2b49d113730f7d85c77bf4a0
128,payout_split,"80%; seed $2,000; 45d",2000.000000,45,time,1000.000000,400.000000,1,2500.000000,100.000000,200.000000,200.000000,400.000000,20,0.800000,18,2.000000,2020-04-01,2024-07-01,True,True,1464.000000,11880.000000,137.704000,6988.640000,13280.000000,-536.000000,9880.000000,-398.296000,19334.380000,0.166667,2318.816000,31854.700000,0.055556,0.000000,0.333333,0.000000,0.000000,4,1,17.000000,11.000000,False,4dbf14d8ca774c3bc096b838489211273133addf2b49d113730f7d85c77bf4a0
129,payout_split,"90%; seed $2,000; 45d",2000.000000,45,time,1000.000000,400.000000,1,2500.000000,100.000000,200.000000,200.000000,400.000000,20,0.900000,18,2.000000,2020-04-01,2024-07-01,True,True,1782.000000,13540.000000,154.917000,7862.220000,14940.000000,-218.000000,11540.000000,-63.083000,22176.177500,0.111111,3016.168000,36261.537500,0.055556,0.000000,0.333333,0.000000,0.000000,4,1,17.000000,11.000000,False,4dbf14d8ca774c3bc096b838489211273133addf2b49d113730f7d85c77bf4a0
130,payout_split,"100%; seed $2,000; 45d",2000.000000,45,time,1000.000000,400.000000,1,2500.000000,100.000000,200.000000,200.000000,400.000000,20,1.000000,18,2.000000,2020-04-01,2024-07-01,True,True,2100.000000,15200.000000,172.130000,8735.800000,16600.000000,100.000000,13200.000000,272.130000,25017.975000,0.111111,3713.520000,40668.375000,0.055556,0.000000,0.333333,0.000000,0.000000,4,1,17.000000,11.000000,False,4dbf14d8ca774c3bc096b838489211273133addf2b49d113730f7d85c77bf4a0
131,payout_split,"80%; seed $2,000; 60d",2000.000000,60,time,1000.000000,400.000000,1,2500.000000,100.000000,200.000000,200.000000,400.000000,20,0.800000,18,2.000000,2020-04-01,2024-07-01,True,True,1704.000000,10680.000000,137.704000,5952.600000,11280.000000,-296.000000,8680.000000,-296.000000,16485.820000,0.166667,2283.104000,27797.940000,0.055556,0.000000,0.444444,0.000000,0.000000,3,1,13.000000,8.500000,False,4dbf14d8ca774c3bc096b838489211273133addf2b49d113730f7d85c77bf4a0
132,payout_split,"90%; seed $2,000; 60d",2000.000000,60,time,1000.000000,400.000000,1,2500.000000,100.000000,200.000000,200.000000,400.000000,20,0.900000,18,2.000000,2020-04-01,2024-07-01,True,True,1992.000000,12090.000000,154.917000,6696.675000,12690.000000,-8.000000,10090.000000,-8.000000,18871.547500,0.111111,2893.492000,31597.682500,0.055556,0.000000,0.444444,0.000000,0.000000,3,1,13.000000,8.500000,False,4dbf14d8ca774c3bc096b838489211273133addf2b49d113730f7d85c77bf4a0
133,payout_split,"100%; seed $2,000; 60d",2000.000000,60,time,1000.000000,400.000000,1,2500.000000,100.000000,200.000000,200.000000,400.000000,20,1.000000,18,2.000000,2020-04-01,2024-07-01,True,True,2280.000000,13500.000000,172.130000,7440.750000,14100.000000,280.000000,11500.000000,280.000000,21257.275000,0.111111,3503.880000,35397.425000,0.055556,0.000000,0.444444,0.000000,0.000000,3,1,13.000000,8.500000,False,4dbf14d8ca774c3bc096b838489211273133addf2b49d113730f7d85c77bf4a0
134,payout_split,"80%; seed $3,000; 30d",3000.000000,30,time,1000.000000,400.000000,1,2500.000000,100.000000,200.000000,200.000000,400.000000,20,0.800000,18,2.000000,2020-04-01,2024-07-01,True,True,2292.000000,18840.000000,0.000000,10244.400000,20640.000000,-708.000000,15840.000000,-708.000000,30054.880000,0.166667,3548.524000,49110.460000,0.055556,0.000000,0.277778,0.111111,0.000000,6,1,24.000000,17.000000,False,4dbf14d8ca774c3bc096b838489211273133addf2b49d113730f7d85c77bf4a0
135,payout_split,"90%; seed $3,000; 30d",3000.000000,30,time,1000.000000,400.000000,1,2500.000000,100.000000,200.000000,200.000000,400.000000,20,0.900000,18,2.000000,2020-04-01,2024-07-01,True,True,2756.000000,21420.000000,0.000000,11524.950000,23220.000000,-244.000000,18420.000000,-244.000000,34411.740000,0.166667,4574.589500,55874.267500,0.055556,0.000000,0.277778,0.111111,0.000000,6,1,24.000000,17.000000,False,4dbf14d8ca774c3bc096b838489211273133addf2b49d113730f7d85c77bf4a0
136,payout_split,"100%; seed $3,000; 30d",3000.000000,30,time,1000.000000,400.000000,1,2500.000000,100.000000,200.000000,200.000000,400.000000,20,1.000000,18,2.000000,2020-04-01,2024-07-01,True,True,3220.000000,24000.000000,0.000000,12805.500000,25800.000000,220.000000,21000.000000,220.000000,38768.600000,0.111111,5600.655000,62638.075000,0.055556,0.000000,0.277778,0.111111,0.000000,6,1,24.000000,17.000000,False,4dbf14d8ca774c3bc096b838489211273133addf2b49d113730f7d85c77bf4a0
137,payout_split,"80%; seed $3,000; 45d",3000.000000,45,time,1000.000000,400.000000,1,2500.000000,100.000000,200.000000,200.000000,400.000000,20,0.800000,18,2.000000,2020-04-01,2024-07-01,True,True,2384.000000,12880.000000,165.928000,6988.640000,13280.000000,-616.000000,9880.000000,-450.072000,19334.380000,0.166667,2207.040000,31854.700000,0.055556,0.000000,0.222222,0.000000,0.000000,4,1,17.000000,11.000000,False,4dbf14d8ca774c3bc096b838489211273133addf2b49d113730f7d85c77bf4a0
138,payout_split,"90%; seed $3,000; 45d",3000.000000,45,time,1000.000000,400.000000,1,2500.000000,100.000000,200.000000,200.000000,400.000000,20,0.900000,18,2.000000,2020-04-01,2024-07-01,True,True,2732.000000,14540.000000,186.669000,7862.220000,14940.000000,-268.000000,11540.000000,-81.331000,22176.177500,0.111111,2907.920000,36261.537500,0.055556,0.000000,0.222222,0.000000,0.000000,4,1,17.000000,11.000000,False,4dbf14d8ca774c3bc096b838489211273133addf2b49d113730f7d85c77bf4a0
139,payout_split,"100%; seed $3,000; 45d",3000.000000,45,time,1000.000000,400.000000,1,2500.000000,100.000000,200.000000,200.000000,400.000000,20,1.000000,18,2.000000,2020-04-01,2024-07-01,True,True,3080.000000,16200.000000,207.410000,8735.800000,16600.000000,80.000000,13200.000000,287.410000,25017.975000,0.111111,3608.800000,40668.375000,0.055556,0.000000,0.222222,0.000000,0.000000,4,1,17.000000,11.000000,False,4dbf14d8ca774c3bc096b838489211273133addf2b49d113730f7d85c77bf4a0
140,payout_split,"80%; seed $3,000; 60d",3000.000000,60,time,1000.000000,400.000000,1,2500.000000,100.000000,200.000000,200.000000,400.000000,20,0.800000,18,2.000000,2020-04-01,2024-07-01,True,True,2704.000000,11680.000000,137.704000,5952.600000,11280.000000,-296.000000,8680.000000,-296.000000,16485.820000,0.166667,2283.104000,27797.940000,0.055556,0.000000,0.444444,0.000000,0.000000,3,1,13.000000,8.500000,False,4dbf14d8ca774c3bc096b838489211273133addf2b49d113730f7d85c77bf4a0
141,payout_split,"90%; seed $3,000; 60d",3000.000000,60,time,1000.000000,400.000000,1,2500.000000,100.000000,200.000000,200.000000,400.000000,20,0.900000,18,2.000000,2020-04-01,2024-07-01,True,True,2992.000000,13090.000000,154.917000,6696.675000,12690.000000,-8.000000,10090.000000,-8.000000,18871.547500,0.111111,2893.492000,31597.682500,0.055556,0.000000,0.444444,0.000000,0.000000,3,1,13.000000,8.500000,False,4dbf14d8ca774c3bc096b838489211273133addf2b49d113730f7d85c77bf4a0
142,payout_split,"100%; seed $3,000; 60d",3000.000000,60,time,1000.000000,400.000000,1,2500.000000,100.000000,200.000000,200.000000,400.000000,20,1.000000,18,2.000000,2020-04-01,2024-07-01,True,True,3280.000000,14500.000000,172.130000,7440.750000,14100.000000,280.000000,11500.000000,280.000000,21257.275000,0.111111,3503.880000,35397.425000,0.055556,0.000000,0.444444,0.000000,0.000000,3,1,13.000000,8.500000,False,4dbf14d8ca774c3bc096b838489211273133addf2b49d113730f7d85c77bf4a0
