start,start_i,runway_days,frozen,dead,days_to_freeze,banked,value
2020-01-02,0,2384,True,True,370.0,396,396
2020-01-03,4,2383,True,True,370.0,314,314
2020-01-06,10,2380,True,True,367.0,305,305
2020-01-07,15,2379,True,True,367.0,169,169
2020-01-08,20,2378,True,True,365.0,282,282
2020-01-09,27,2377,True,True,365.0,179,179
2020-01-10,32,2376,True,True,364.0,200,200
2020-01-13,39,2373,True,True,360.0,217,217
2020-01-14,47,2372,True,True,360.0,90,90
2020-01-15,50,2371,True,True,359.0,139,139
2020-01-16,56,2370,True,True,357.0,216,216
2020-01-17,62,2369,True,True,357.0,130,130
2020-01-20,67,2366,True,True,354.0,113,113
2020-01-21,75,2365,True,True,353.0,181,181
2020-01-22,81,2364,True,True,352.0,155,155
2020-01-23,87,2363,True,True,351.0,90,90
2020-01-24,91,2362,True,True,350.0,22,22
2020-01-27,97,2359,True,True,347.0,77,77
2020-01-28,102,2358,True,True,345.0,231,231
2020-01-29,107,2357,True,True,345.0,118,118
2020-01-30,112,2356,True,True,344.0,137,137
2020-01-31,117,2355,True,True,343.0,40,40
2020-02-03,123,2352,True,True,340.0,164,164
2020-02-04,130,2351,True,True,339.0,54,54
2020-02-05,137,2350,True,True,338.0,0,0
2020-02-06,142,2349,True,True,340.0,0,0
2020-02-07,150,2348,False,True,,0,0
2020-02-10,154,2345,True,True,333.0,0,0
2020-02-11,160,2344,True,True,332.0,5,5
2020-02-12,166,2343,True,True,331.0,135,135
2020-02-13,172,2342,True,True,330.0,65,65
2020-02-14,179,2341,True,True,329.0,167,167
2020-02-17,184,2338,True,True,326.0,113,113
2020-02-18,190,2337,True,True,325.0,78,78
2020-02-19,195,2336,True,True,324.0,0,0
2020-02-20,199,2335,False,True,,0,0
2020-02-21,206,2334,False,True,,0,0
2020-02-24,211,2331,True,True,319.0,32,32
2020-02-25,214,2330,True,True,317.0,335,335
2020-02-26,219,2329,True,True,315.0,492,492
2020-02-27,223,2328,True,True,314.0,459,459
2020-02-28,229,2327,True,True,250.0,892,892
2020-03-02,232,2324,True,True,294.0,530,530
2020-03-03,239,2323,False,True,,0,0
2020-03-04,244,2322,True,True,309.0,301,301
2020-03-05,249,2321,False,True,,0,0
2020-03-06,256,2320,False,True,,0,0
2020-03-09,262,2317,False,True,,0,0
2020-03-10,264,2316,True,True,304.0,144,144
2020-03-11,269,2315,False,True,,0,0
2020-03-12,277,2314,True,True,300.0,462,462
2020-03-13,282,2313,True,True,175.0,1201,1201
2020-03-16,286,2310,True,True,233.0,781,781
2020-03-18,288,2308,True,True,142.0,2024,2024
2020-03-19,290,2307,True,True,158.0,1469,1469
2020-03-20,294,2306,True,True,139.0,2107,2107
2020-03-23,299,2303,True,True,137.0,2000,2000
2020-03-24,304,2302,True,True,170.0,1067,1067
2020-03-25,310,2301,True,True,224.0,753,753
2020-03-26,315,2300,True,True,228.0,701,701
2020-03-27,318,2299,True,True,222.0,735,735
2020-03-30,325,2296,True,True,164.0,1029,1029
2020-03-31,333,2295,True,True,163.0,1045,1045
2020-04-01,339,2294,True,True,162.0,982,982
2020-04-02,343,2293,True,True,161.0,1075,1075
2020-04-03,350,2292,True,True,215.0,854,854
2020-04-06,357,2289,True,True,157.0,964,964
2020-04-07,364,2288,True,True,211.0,895,895
2020-04-08,372,2287,True,True,210.0,927,927
2020-04-09,379,2286,True,True,154.0,981,981
2020-04-13,382,2282,True,True,205.0,809,809
2020-04-14,386,2281,True,True,204.0,736,736
2020-04-15,390,2280,True,True,208.0,661,661
2020-04-16,396,2279,True,True,202.0,912,912
2020-04-17,401,2278,True,True,206.0,710,710
2020-04-20,405,2275,True,True,198.0,894,894
2020-04-21,408,2274,True,True,197.0,747,747
2020-04-22,413,2273,True,True,141.0,1032,1032
2020-04-23,421,2272,True,True,140.0,968,968
2020-04-24,429,2271,True,True,139.0,954,954
2020-04-27,435,2268,True,True,196.0,700,700
2020-04-28,441,2267,True,True,195.0,687,687
2020-04-29,446,2266,True,True,189.0,745,745
2020-04-30,452,2265,True,True,251.0,423,423
2020-05-01,460,2264,True,True,187.0,720,720
2020-05-04,465,2261,True,True,189.0,705,705
2020-05-05,471,2260,True,True,246.0,509,509
2020-05-06,475,2259,True,True,246.0,346,346
2020-05-07,478,2258,True,True,244.0,439,439
2020-05-08,483,2257,True,True,244.0,296,296
2020-05-11,487,2254,True,True,242.0,113,113
2020-05-12,492,2253,True,True,241.0,179,179
2020-05-13,498,2252,True,True,239.0,278,278
2020-05-14,504,2251,True,True,179.0,683,683
2020-05-15,506,2250,True,True,236.0,452,452
2020-05-18,511,2247,True,True,234.0,218,218
2020-05-19,519,2246,True,True,234.0,0,0
2020-05-20,524,2245,False,True,,0,0
2020-05-21,530,2244,False,True,,0,0
2020-05-22,536,2243,False,True,,0,0
2020-05-25,543,2240,False,True,,0,0
2020-05-26,548,2239,False,True,,0,0
2020-05-27,553,2238,False,True,,0,0
2020-05-28,557,2237,False,True,,0,0
2020-05-29,562,2236,False,True,,0,0
2020-06-01,567,2233,False,True,,0,0
2020-06-02,570,2232,False,True,,0,0
2020-06-03,574,2231,False,True,,0,0
2020-06-04,581,2230,False,True,,0,0
2020-06-05,587,2229,False,True,,0,0
2020-06-08,592,2226,False,True,,0,0
2020-06-09,599,2225,False,True,,0,0
2020-06-10,605,2224,False,True,,0,0
2020-06-11,611,2223,False,True,,0,0
2020-06-12,615,2222,True,True,210.0,195,195
2020-06-15,621,2219,True,True,207.0,157,157
2020-06-16,624,2218,False,True,,0,0
2020-06-17,631,2217,True,True,204.0,240,240
2020-06-18,637,2216,True,True,203.0,345,345
2020-06-19,645,2215,True,True,185.0,548,548
2020-06-22,648,2212,True,True,197.0,513,513
2020-06-23,655,2211,True,True,198.0,265,265
2020-06-24,661,2210,True,True,198.0,207,207
2020-06-25,668,2209,True,True,196.0,273,273
2020-06-26,671,2208,True,True,195.0,352,352
2020-06-29,677,2205,True,True,137.0,627,627
2020-06-30,681,2204,True,True,191.0,338,338
2020-07-01,686,2203,True,True,190.0,330,330
2020-07-02,690,2202,True,True,189.0,236,236
2020-07-03,696,2201,True,True,189.0,168,168
2020-07-06,702,2198,True,True,186.0,141,141
2020-07-07,705,2197,True,True,185.0,131,131
2020-07-08,710,2196,True,True,184.0,135,135
2020-07-09,717,2195,True,True,182.0,255,255
2020-07-10,721,2194,True,True,181.0,262,262
2020-07-13,727,2191,True,True,179.0,94,94
2020-07-14,730,2190,True,True,178.0,20,20
2020-07-15,738,2189,True,True,177.0,30,30
2020-07-16,744,2188,True,True,176.0,185,185
2020-07-17,752,2187,True,True,157.0,539,539
2020-07-20,756,2184,True,True,154.0,561,561
2020-07-21,761,2183,True,True,169.0,489,489
2020-07-22,767,2182,True,True,168.0,388,388
2020-07-23,774,2181,True,True,168.0,359,359
2020-07-24,778,2180,True,True,166.0,440,440
2020-07-27,782,2177,True,True,147.0,597,597
2020-07-28,789,2176,True,True,163.0,243,243
2020-07-29,794,2175,True,True,161.0,500,500
2020-07-30,797,2174,True,True,160.0,389,389
2020-07-31,800,2173,True,True,161.0,118,118
2020-08-03,806,2170,False,True,,0,0
2020-08-04,810,2169,False,True,,0,0
2020-08-05,816,2168,False,True,,0,0
2020-08-06,822,2167,False,True,,0,0
2020-08-07,828,2166,False,True,,0,0
2020-08-10,832,2163,False,True,,0,0
2020-08-11,838,2162,False,True,,0,0
2020-08-12,843,2161,False,True,,0,0
2020-08-13,849,2160,False,True,,0,0
2020-08-14,856,2159,False,True,,0,0
2020-08-17,863,2156,False,True,,0,0
2020-08-18,869,2155,False,True,,0,0
2020-08-19,877,2154,False,True,,0,0
2020-08-20,882,2153,False,True,,0,0
2020-08-21,888,2152,False,True,,0,0
2020-08-24,893,2149,False,True,,0,0
2020-08-25,900,2148,False,True,,0,0
2020-08-26,908,2147,False,True,,0,0
2020-08-27,913,2146,False,True,,0,0
2020-08-28,920,2145,False,True,,0,0
2020-08-31,923,2142,False,True,,0,0
2020-09-01,927,2141,False,True,,0,0
2020-09-02,934,2140,False,True,,0,0
2020-09-03,941,2139,False,True,,0,0
2020-09-04,947,2138,False,True,,0,0
2020-09-07,952,2135,False,True,,0,0
2020-09-08,957,2134,False,True,,0,0
2020-09-09,963,2133,False,True,,0,0
2020-09-10,967,2132,False,True,,0,0
2020-09-11,972,2131,False,True,,0,0
2020-09-14,979,2128,False,True,,0,0
2020-09-15,985,2127,False,True,,0,0
2020-09-16,988,2126,False,True,,0,0
2020-09-17,997,2125,False,True,,0,0
2020-09-18,1003,2124,False,True,,0,0
2020-09-21,1006,2121,False,True,,0,0
2020-09-22,1011,2120,False,True,,0,0
2020-09-23,1016,2119,False,True,,0,0
2020-09-24,1020,2118,False,True,,0,0
2020-09-25,1024,2117,False,True,,0,0
2020-09-28,1032,2114,False,True,,0,0
2020-09-29,1039,2113,False,True,,0,0
2020-09-30,1044,2112,False,True,,0,0
2020-10-01,1048,2111,False,True,,0,0
2020-10-02,1058,2110,False,True,,0,0
2020-10-05,1069,2107,False,True,,0,0
2020-10-06,1073,2106,False,True,,0,0
2020-10-07,1078,2105,True,True,96.0,0,0
2020-10-08,1082,2104,False,True,,0,0
2020-10-09,1086,2103,False,True,,0,0
2020-10-12,1093,2100,False,True,,0,0
2020-10-13,1100,2099,False,True,,0,0
2020-10-14,1105,2098,False,True,,0,0
2020-10-15,1109,2097,False,True,,0,0
2020-10-16,1113,2096,False,True,,0,0
2020-10-19,1118,2093,False,True,,0,0
2020-10-20,1124,2092,False,True,,0,0
2020-10-21,1128,2091,False,True,,0,0
2020-10-22,1133,2090,False,True,,0,0
2020-10-23,1137,2089,False,True,,0,0
2020-10-26,1143,2086,False,True,,0,0
2020-10-27,1145,2085,False,True,,0,0
2020-10-28,1151,2084,False,True,,0,0
2020-10-29,1154,2083,False,True,,0,0
2020-10-30,1158,2082,False,True,,0,0
2020-11-02,1163,2079,False,True,,0,0
2020-11-03,1170,2078,False,True,,0,0
2020-11-04,1177,2077,False,True,,0,0
2020-11-05,1181,2076,False,True,,0,0
2020-11-06,1187,2075,False,True,,0,0
2020-11-09,1194,2072,False,True,,0,0
2020-11-10,1200,2071,False,True,,0,0
2020-11-11,1203,2070,False,True,,0,0
2020-11-12,1207,2069,False,True,,0,0
2020-11-13,1212,2068,False,True,,0,0
2020-11-16,1219,2065,False,True,,0,0
2020-11-17,1226,2064,False,True,,0,0
2020-11-18,1230,2063,False,True,,0,0
2020-11-19,1237,2062,False,True,,0,0
2020-11-20,1243,2061,False,True,,0,0
2020-11-23,1248,2058,False,True,,0,0
2020-11-24,1252,2057,False,True,,0,0
2020-11-25,1258,2056,False,True,,0,0
2020-11-26,1263,2055,False,True,,0,0
2020-11-27,1267,2054,False,True,,0,0
2020-11-30,1272,2051,False,True,,0,0
2020-12-01,1278,2050,False,True,,0,0
2020-12-02,1285,2049,False,True,,0,0
2020-12-03,1290,2048,False,True,,0,0
2020-12-04,1296,2047,False,True,,0,0
2020-12-07,1303,2044,False,True,,0,0
2020-12-08,1307,2043,False,True,,0,0
2020-12-09,1310,2042,False,True,,0,0
2020-12-10,1312,2041,False,True,,0,0
2020-12-11,1318,2040,False,True,,0,0
2020-12-14,1323,2037,False,True,,0,0
2020-12-15,1329,2036,False,True,,0,0
2020-12-16,1332,2035,False,True,,0,0
2020-12-17,1339,2034,False,True,,0,0
2020-12-18,1344,2033,False,True,,0,0
2020-12-21,1351,2030,False,True,,0,0
2020-12-22,1356,2029,False,True,,0,0
2020-12-23,1363,2028,False,True,,0,0
2020-12-24,1369,2027,False,True,,0,0
2020-12-28,1371,2023,False,True,,0,0
2020-12-29,1377,2022,False,True,,0,0
2020-12-30,1384,2021,False,True,,0,0
2020-12-31,1388,2020,False,True,,0,0
2021-01-04,1395,2016,False,True,,0,0
2021-01-05,1399,2015,False,True,,0,0
2021-01-06,1405,2014,False,True,,0,0
2021-01-07,1411,2013,False,True,,0,0
2021-01-08,1418,2012,False,True,,0,0
2021-01-11,1423,2009,False,True,,0,0
2021-01-12,1425,2008,False,True,,0,0
2021-01-13,1431,2007,False,True,,0,0
2021-01-14,1437,2006,False,True,,0,0
2021-01-15,1443,2005,False,True,,0,0
2021-01-18,1449,2002,False,True,,0,0
2021-01-19,1456,2001,False,True,,0,0
2021-01-20,1463,2000,False,True,,0,0
2021-01-21,1466,1999,False,True,,0,0
2021-01-22,1472,1998,False,True,,0,0
2021-01-25,1480,1995,False,True,,0,0
2021-01-26,1487,1994,False,True,,0,0
2021-01-27,1493,1993,False,True,,0,0
2021-01-28,1498,1992,False,True,,0,0
2021-01-29,1504,1991,False,True,,0,0
2021-02-01,1514,1988,False,True,,0,0
2021-02-02,1520,1987,False,True,,0,0
2021-02-03,1523,1986,False,True,,0,0
2021-02-04,1527,1985,False,True,,0,0
2021-02-05,1531,1984,False,True,,0,0
2021-02-08,1536,1981,False,True,,0,0
2021-02-09,1541,1980,False,True,,0,0
2021-02-10,1547,1979,False,True,,0,0
2021-02-11,1552,1978,False,True,,0,0
2021-02-12,1557,1977,False,True,,0,0
2021-02-15,1564,1974,False,True,,0,0
2021-02-16,1569,1973,False,True,,0,0
2021-02-17,1574,1972,False,True,,0,0
2021-02-18,1579,1971,False,True,,0,0
2021-02-19,1585,1970,False,True,,0,0
2021-02-22,1592,1967,False,True,,0,0
2021-02-23,1596,1966,False,True,,0,0
2021-02-24,1600,1965,False,True,,0,0
2021-02-25,1606,1964,False,True,,0,0
2021-02-26,1613,1963,False,True,,0,0
2021-03-01,1620,1960,False,True,,0,0
2021-03-02,1626,1959,False,True,,0,0
2021-03-03,1629,1958,False,True,,0,0
2021-03-04,1634,1957,False,True,,0,0
2021-03-05,1640,1956,False,True,,0,0
2021-03-08,1645,1953,False,True,,0,0
2021-03-09,1648,1952,False,True,,0,0
2021-03-10,1654,1951,False,True,,0,0
2021-03-11,1659,1950,False,True,,0,0
2021-03-12,1667,1949,False,True,,0,0
2021-03-15,1671,1946,False,True,,0,0
2021-03-16,1674,1945,False,True,,0,0
2021-03-17,1679,1944,False,True,,0,0
2021-03-18,1682,1943,False,True,,0,0
2021-03-19,1686,1942,False,True,,0,0
2021-03-22,1692,1939,False,True,,0,0
2021-03-23,1699,1938,False,True,,0,0
2021-03-24,1706,1937,False,True,,0,0
2021-03-25,1710,1936,False,True,,0,0
2021-03-26,1717,1935,False,True,,0,0
2021-03-29,1719,1932,False,True,,0,0
2021-03-30,1724,1931,False,True,,0,0
2021-03-31,1729,1930,False,True,,0,0
2021-04-01,1734,1929,False,True,,0,0
2021-04-02,1739,1928,False,True,,0,0
2021-04-05,1741,1925,False,True,,0,0
2021-04-06,1748,1924,False,True,,0,0
2021-04-07,1754,1923,False,True,,0,0
2021-04-08,1759,1922,False,True,,0,0
2021-04-09,1764,1921,False,True,,0,0
2021-04-12,1767,1918,False,True,,0,0
2021-04-13,1769,1917,False,True,,0,0
2021-04-14,1776,1916,False,True,,0,0
2021-04-15,1780,1915,False,True,,0,0
2021-04-16,1789,1914,False,True,,0,0
2021-04-19,1794,1911,False,True,,0,0
2021-04-20,1800,1910,False,True,,0,0
2021-04-21,1805,1909,True,True,358.0,450,450
2021-04-22,1811,1908,True,True,361.0,320,320
2021-04-23,1817,1907,True,True,356.0,456,456
2021-04-26,1821,1904,True,True,308.0,510,510
2021-04-27,1828,1903,True,True,356.0,399,399
2021-04-28,1833,1902,True,True,351.0,472,472
2021-04-29,1841,1901,True,True,305.0,633,633
2021-04-30,1846,1900,True,True,304.0,515,515
2021-05-03,1854,1897,True,True,301.0,602,602
2021-05-04,1859,1896,True,True,300.0,811,811
2021-05-05,1862,1895,True,True,299.0,636,636
2021-05-06,1868,1894,True,True,298.0,834,834
2021-05-07,1874,1893,True,True,297.0,583,583
2021-05-10,1880,1890,True,True,294.0,781,781
2021-05-11,1886,1889,True,True,293.0,988,988
2021-05-12,1892,1888,True,True,292.0,831,831
2021-05-13,1899,1887,True,True,285.0,1238,1238
2021-05-14,1905,1886,True,True,290.0,1058,1058
2021-05-17,1911,1883,True,True,281.0,1134,1134
2021-05-18,1918,1882,True,True,280.0,1329,1329
2021-05-19,1924,1881,True,True,279.0,1559,1559
2021-05-20,1930,1880,True,True,278.0,1693,1693
2021-05-21,1932,1879,True,True,276.0,1784,1784
2021-05-24,1936,1876,True,True,273.0,1852,1852
2021-05-25,1941,1875,True,True,273.0,1517,1517
2021-05-26,1949,1874,True,True,272.0,1657,1657
2021-05-27,1952,1873,True,True,270.0,1793,1793
2021-05-28,1959,1872,True,True,269.0,1890,1890
2021-05-31,1962,1869,True,True,266.0,1843,1843
2021-06-01,1969,1868,True,True,261.0,1962,1962
2021-06-02,1974,1867,True,True,264.0,1896,1896
2021-06-03,1977,1866,True,True,263.0,1900,1900
2021-06-04,1983,1865,True,True,256.0,2106,2106
2021-06-07,1989,1862,True,True,253.0,2135,2135
2021-06-08,1997,1861,True,True,149.0,2247,2247
2021-06-09,2003,1860,True,True,148.0,2287,2287
2021-06-10,2008,1859,True,True,147.0,2405,2405
2021-06-11,2014,1858,True,True,145.0,2485,2485
2021-06-14,2020,1855,True,True,143.0,2395,2395
2021-06-15,2026,1854,True,True,141.0,2438,2438
2021-06-16,2035,1853,True,True,140.0,2544,2544
2021-06-17,2040,1852,True,True,139.0,2541,2541
2021-06-18,2044,1851,True,True,138.0,2425,2425
2021-06-21,2049,1848,True,True,134.0,2657,2657
2021-06-22,2055,1847,True,True,134.0,2558,2558
2021-06-23,2061,1846,True,True,134.0,2376,2376
2021-06-24,2070,1845,True,True,132.0,2460,2460
2021-06-25,2077,1844,True,True,131.0,2434,2434
2021-06-28,2084,1841,True,True,128.0,2508,2508
2021-06-29,2088,1840,True,True,127.0,2462,2462
2021-06-30,2094,1839,True,True,127.0,2363,2363
2021-07-01,2100,1838,True,True,126.0,2358,2358
2021-07-02,2106,1837,True,True,125.0,2333,2333
2021-07-05,2112,1834,True,True,225.0,2093,2093
2021-07-06,2114,1833,True,True,224.0,2092,2092
2021-07-07,2119,1832,True,True,225.0,1971,1971
2021-07-08,2123,1831,True,True,228.0,1883,1883
2021-07-09,2128,1830,True,True,221.0,2018,2018
2021-07-12,2135,1827,True,True,224.0,1818,1818
2021-07-13,2139,1826,True,True,224.0,1735,1735
2021-07-14,2142,1825,True,True,222.0,1871,1871
2021-07-15,2150,1824,True,True,215.0,2040,2040
2021-07-16,2155,1823,True,True,214.0,2022,2022
2021-07-19,2159,1820,True,True,211.0,2094,2094
2021-07-20,2164,1819,True,True,108.0,2189,2189
2021-07-21,2168,1818,True,True,209.0,2086,2086
2021-07-22,2174,1817,True,True,214.0,1917,1917
2021-07-23,2181,1816,True,True,213.0,1889,1889
2021-07-26,2188,1813,True,True,211.0,1730,1730
2021-07-27,2193,1812,True,True,209.0,1834,1834
2021-07-28,2198,1811,True,True,202.0,2074,2074
2021-07-29,2203,1810,True,True,99.0,2201,2201
2021-07-30,2207,1809,True,True,98.0,2190,2190
2021-08-02,2211,1806,True,True,199.0,1967,1967
2021-08-03,2216,1805,True,True,196.0,2020,2020
2021-08-04,2224,1804,True,True,201.0,1922,1922
2021-08-05,2229,1803,True,True,195.0,1977,1977
2021-08-06,2235,1802,True,True,195.0,1973,1973
2021-08-09,2243,1799,True,True,190.0,2097,2097
2021-08-10,2248,1798,True,True,190.0,1975,1975
2021-08-11,2253,1797,True,True,188.0,2014,2014
2021-08-12,2258,1796,True,True,193.0,1942,1942
2021-08-13,2264,1795,True,True,192.0,1874,1874
2021-08-16,2271,1792,True,True,189.0,1876,1876
2021-08-17,2276,1791,True,True,188.0,1851,1851
2021-08-18,2281,1790,True,True,181.0,2060,2060
2021-08-19,2289,1789,True,True,181.0,1989,1989
2021-08-20,2292,1788,True,True,179.0,2034,2034
2021-08-23,2297,1785,True,True,176.0,2034,2034
2021-08-24,2301,1784,True,True,181.0,1948,1948
2021-08-25,2305,1783,True,True,180.0,1855,1855
2021-08-26,2309,1782,True,True,179.0,1822,1822
2021-08-27,2314,1781,True,True,178.0,1948,1948
2021-08-30,2321,1778,True,True,170.0,1985,1985
2021-08-31,2325,1777,True,True,175.0,1709,1709
2021-09-01,2329,1776,True,True,173.0,1764,1764
2021-09-02,2334,1775,True,True,173.0,1698,1698
2021-09-03,2339,1774,True,True,172.0,1668,1668
2021-09-06,2342,1771,True,True,169.0,1611,1611
2021-09-07,2346,1770,True,True,168.0,1599,1599
2021-09-08,2351,1769,True,True,167.0,1546,1546
2021-09-09,2356,1768,True,True,166.0,1519,1519
2021-09-10,2361,1767,True,True,165.0,1474,1474
2021-09-13,2365,1764,True,True,162.0,1361,1361
2021-09-14,2370,1763,True,True,161.0,1328,1328
2021-09-15,2375,1762,True,True,160.0,1410,1410
2021-09-16,2380,1761,True,True,159.0,1420,1420
2021-09-17,2388,1760,True,True,158.0,1496,1496
2021-09-20,2394,1757,True,True,155.0,1556,1556
2021-09-21,2400,1756,True,True,154.0,1506,1506
2021-09-22,2407,1755,True,True,153.0,1568,1568
2021-09-23,2414,1754,True,True,152.0,1476,1476
2021-09-24,2420,1753,True,True,151.0,1302,1302
2021-09-27,2428,1750,True,True,148.0,1292,1292
2021-09-28,2435,1749,True,True,147.0,1262,1262
2021-09-29,2441,1748,True,True,146.0,1639,1639
2021-09-30,2445,1747,True,True,144.0,1759,1759
2021-10-01,2452,1746,True,True,137.0,2017,2017
2021-10-04,2456,1743,True,True,140.0,1836,1836
2021-10-05,2460,1742,True,True,139.0,1777,1777
2021-10-06,2464,1741,True,True,139.0,1571,1571
2021-10-07,2468,1740,True,True,138.0,1607,1607
2021-10-08,2474,1739,True,True,137.0,1408,1408
2021-10-11,2481,1736,True,True,134.0,1475,1475
2021-10-12,2483,1735,True,True,133.0,1300,1300
2021-10-13,2489,1734,True,True,132.0,1342,1342
2021-10-14,2496,1733,True,True,131.0,1177,1177
2021-10-15,2502,1732,True,True,136.0,1020,1020
2021-10-18,2506,1729,True,True,133.0,802,802
2021-10-19,2509,1728,True,True,132.0,790,790
2021-10-20,2514,1727,True,True,131.0,565,565
2021-10-21,2517,1726,True,True,130.0,751,751
2021-10-22,2524,1725,True,True,129.0,667,667
2021-10-25,2527,1722,True,True,126.0,670,670
2021-10-26,2534,1721,True,True,125.0,561,561
2021-10-27,2539,1720,True,True,124.0,610,610
2021-10-28,2542,1719,True,True,123.0,608,608
2021-10-29,2549,1718,True,True,122.0,521,521
2021-11-01,2554,1715,True,True,168.0,316,316
2021-11-02,2561,1714,True,True,168.0,260,260
2021-11-03,2565,1713,False,True,,0,0
2021-11-04,2566,1712,False,True,,0,0
2021-11-05,2570,1711,False,True,,0,0
2021-11-08,2576,1708,False,True,,0,0
2021-11-09,2583,1707,True,True,162.0,0,0
2021-11-10,2591,1706,True,True,160.0,247,247
2021-11-11,2596,1705,True,True,160.0,117,117
2021-11-12,2602,1704,True,True,159.0,188,188
2021-11-15,2607,1701,True,True,156.0,104,104
2021-11-16,2614,1700,True,True,155.0,38,38
2021-11-17,2620,1699,True,True,154.0,80,80
2021-11-18,2624,1698,True,True,153.0,0,0
2021-11-19,2630,1697,True,True,152.0,8,8
2021-11-22,2637,1694,True,True,149.0,0,0
2021-11-23,2642,1693,False,True,,0,0
2021-11-24,2651,1692,True,True,147.0,116,116
2021-11-25,2657,1691,True,True,146.0,185,185
2021-11-26,2664,1690,True,True,145.0,196,196
2021-11-29,2667,1687,True,True,141.0,272,272
2021-11-30,2671,1686,True,True,140.0,286,286
2021-12-01,2676,1685,True,True,139.0,218,218
2021-12-02,2681,1684,True,True,137.0,328,328
2021-12-03,2686,1683,True,True,87.0,582,582
2021-12-06,2695,1680,True,True,84.0,901,901
2021-12-07,2700,1679,True,True,83.0,881,881
2021-12-08,2707,1678,True,True,82.0,552,552
2021-12-09,2712,1677,True,True,126.0,459,459
2021-12-10,2718,1676,True,True,80.0,574,574
2021-12-13,2724,1673,True,True,126.0,385,385
2021-12-14,2726,1672,True,True,76.0,569,569
2021-12-15,2733,1671,True,True,75.0,627,627
2021-12-16,2737,1670,True,True,74.0,730,730
2021-12-17,2744,1669,True,True,73.0,904,904
2021-12-20,2748,1666,True,True,64.0,1151,1151
2021-12-21,2754,1665,True,True,63.0,1214,1214
2021-12-22,2759,1664,True,True,68.0,1064,1064
2021-12-23,2764,1663,True,True,67.0,726,726
2021-12-27,2770,1659,True,True,63.0,793,793
2021-12-28,2775,1658,True,True,62.0,554,554
2021-12-29,2781,1657,True,True,61.0,573,573
2021-12-30,2784,1656,True,True,60.0,658,658
2021-12-31,2789,1655,True,True,59.0,819,819
2022-01-03,2794,1652,True,True,56.0,911,911
2022-01-04,2798,1651,True,True,55.0,970,970
2022-01-05,2806,1650,True,True,54.0,1012,1012
2022-01-06,2810,1649,True,True,53.0,1060,1060
2022-01-07,2816,1648,True,True,46.0,1304,1304
2022-01-10,2823,1645,True,True,42.0,1811,1811
2022-01-11,2829,1644,True,True,42.0,1567,1567
2022-01-12,2835,1643,True,True,41.0,1257,1257
2022-01-13,2841,1642,True,True,40.0,1224,1224
2022-01-14,2844,1641,True,True,39.0,1109,1109
2022-01-17,2852,1638,True,True,42.0,970,970
2022-01-18,2855,1637,True,True,41.0,991,991
2022-01-19,2861,1636,True,True,34.0,1483,1483
2022-01-20,2866,1635,True,True,33.0,1602,1602
2022-01-21,2872,1634,True,True,32.0,1601,1601
2022-01-24,2882,1631,True,True,24.0,1962,1962
2022-01-25,2886,1630,True,True,28.0,1531,1531
2022-01-26,2889,1629,True,True,27.0,1567,1567
2022-01-27,2895,1628,True,True,26.0,1636,1636
2022-01-28,2897,1627,True,True,25.0,1523,1523
2022-01-31,2901,1624,True,True,28.0,814,814
2022-02-01,2908,1623,True,True,27.0,769,769
2022-02-02,2912,1622,True,True,26.0,724,724
2022-02-03,2916,1621,True,True,25.0,668,668
2022-02-04,2920,1620,True,True,73.0,391,391
2022-02-07,2924,1617,True,True,71.0,280,280
2022-02-08,2930,1616,True,True,71.0,144,144
2022-02-09,2935,1615,True,True,70.0,59,59
2022-02-10,2940,1614,True,True,70.0,0,0
2022-02-11,2945,1613,False,True,,0,0
2022-02-14,2949,1610,True,True,65.0,0,0
2022-02-15,2955,1609,True,True,64.0,0,0
2022-02-16,2960,1608,False,True,,0,0
2022-02-17,2965,1607,False,True,,0,0
2022-02-18,2969,1606,False,True,,0,0
2022-02-21,2975,1603,False,True,,0,0
2022-02-22,2979,1602,False,True,,0,0
2022-02-23,2983,1601,False,True,,0,0
2022-02-24,2988,1600,False,True,,0,0
2022-02-25,2994,1599,False,True,,0,0
2022-02-28,3000,1596,False,True,,0,0
2022-03-01,3004,1595,False,True,,0,0
2022-03-02,3009,1594,False,True,,0,0
2022-03-03,3013,1593,False,True,,0,0
2022-03-04,3020,1592,False,True,,0,0
2022-03-07,3028,1589,False,True,,0,0
2022-03-08,3034,1588,False,True,,0,0
2022-03-09,3041,1587,False,True,,0,0
2022-03-10,3050,1586,False,True,,0,0
2022-03-11,3056,1585,False,True,,0,0
2022-03-14,3062,1582,False,True,,0,0
2022-03-15,3071,1581,False,True,,0,0
2022-03-16,3075,1580,False,True,,0,0
2022-03-17,3082,1579,False,True,,0,0
2022-03-18,3087,1578,False,True,,0,0
2022-03-21,3091,1575,False,True,,0,0
2022-03-22,3098,1574,False,True,,0,0
2022-03-23,3099,1573,False,True,,0,0
2022-03-24,3103,1572,False,True,,0,0
2022-03-25,3113,1571,False,True,,0,0
2022-03-28,3118,1568,False,True,,0,0
2022-03-29,3119,1567,False,True,,0,0
2022-03-30,3125,1566,False,True,,0,0
2022-03-31,3130,1565,False,True,,0,0
2022-04-01,3134,1564,False,True,,0,0
2022-04-04,3139,1561,False,True,,0,0
2022-04-05,3145,1560,False,True,,0,0
2022-04-06,3150,1559,False,True,,0,0
2022-04-07,3154,1558,False,True,,0,0
2022-04-08,3161,1557,False,True,,0,0
2022-04-11,3164,1554,False,True,,0,0
2022-04-12,3169,1553,False,True,,0,0
2022-04-13,3173,1552,False,True,,0,0
2022-04-14,3180,1551,False,True,,0,0
2022-04-18,3189,1547,False,True,,0,0
2022-04-19,3195,1546,False,True,,0,0
2022-04-20,3201,1545,False,True,,0,0
2022-04-21,3205,1544,False,True,,0,0
2022-04-22,3207,1543,False,True,,0,0
2022-04-25,3212,1540,False,True,,0,0
2022-04-26,3217,1539,False,True,,0,0
2022-04-27,3222,1538,False,True,,0,0
2022-04-28,3227,1537,False,True,,0,0
2022-04-29,3234,1536,False,True,,0,0
2022-05-02,3242,1533,False,True,,0,0
2022-05-03,3245,1532,False,True,,0,0
2022-05-04,3251,1531,False,True,,0,0
2022-05-05,3257,1530,False,True,,0,0
2022-05-06,3261,1529,False,True,,0,0
2022-05-09,3265,1526,False,True,,0,0
2022-05-10,3274,1525,False,True,,0,0
2022-05-11,3279,1524,False,True,,0,0
2022-05-12,3285,1523,False,True,,0,0
2022-05-13,3292,1522,False,True,,0,0
2022-05-16,3299,1519,False,True,,0,0
2022-05-17,3304,1518,False,True,,0,0
2022-05-18,3311,1517,False,True,,0,0
2022-05-19,3317,1516,False,True,,0,0
2022-05-20,3324,1515,False,True,,0,0
2022-05-23,3331,1512,False,True,,0,0
2022-05-24,3336,1511,False,True,,0,0
2022-05-25,3340,1510,False,True,,0,0
2022-05-26,3346,1509,False,True,,0,0
2022-05-27,3354,1508,False,True,,0,0
2022-05-30,3361,1505,False,True,,0,0
2022-05-31,3364,1504,False,True,,0,0
2022-06-01,3369,1503,False,True,,0,0
2022-06-02,3378,1502,False,True,,0,0
2022-06-03,3382,1501,False,True,,0,0
2022-06-06,3388,1498,True,True,290.0,14840,14840
2022-06-07,3395,1497,True,True,289.0,14821,14821
2022-06-08,3402,1496,True,True,287.0,14921,14921
2022-06-09,3409,1495,True,True,119.0,15356,15356
2022-06-10,3416,1494,True,True,118.0,15534,15534
2022-06-13,3422,1491,True,True,109.0,15750,15750
2022-06-14,3426,1490,True,True,76.0,16065,16065
2022-06-15,3431,1489,True,True,62.0,16447,16447
2022-06-16,3439,1488,True,True,60.0,16514,16514
2022-06-17,3442,1487,True,True,59.0,16643,16643
2022-06-20,3451,1484,True,True,57.0,16481,16481
2022-06-21,3455,1483,True,True,56.0,16377,16377
2022-06-22,3461,1482,True,True,68.0,16081,16081
2022-06-23,3468,1481,True,True,67.0,16095,16095
2022-06-24,3473,1480,True,True,66.0,16094,16094
2022-06-27,3479,1477,True,True,95.0,15782,15782
2022-06-28,3484,1476,True,True,51.0,16112,16112
2022-06-29,3491,1475,True,True,49.0,16265,16265
2022-06-30,3497,1474,True,True,39.0,16732,16732
2022-07-01,3504,1473,True,True,35.0,16928,16928
2022-07-04,3510,1470,True,True,32.0,16904,16904
2022-07-05,3514,1469,True,True,29.0,16960,16960
2022-07-06,3519,1468,True,True,40.0,16595,16595
2022-07-07,3524,1467,True,True,40.0,16364,16364
2022-07-08,3532,1466,True,True,41.0,16123,16123
2022-07-11,3537,1463,True,True,79.0,16024,16024
2022-07-12,3544,1462,True,True,37.0,16208,16208
2022-07-13,3549,1461,True,True,35.0,16330,16330
2022-07-14,3555,1460,True,True,35.0,16204,16204
2022-07-15,3561,1459,True,True,45.0,16085,16085
2022-07-18,3566,1456,True,True,72.0,15962,15962
2022-07-19,3572,1455,True,True,71.0,15964,15964
2022-07-20,3580,1454,True,True,72.0,15768,15768
2022-07-21,3587,1453,True,True,71.0,15679,15679
2022-07-22,3591,1452,True,True,76.0,15572,15572
2022-07-25,3597,1449,True,True,71.0,15618,15618
2022-07-26,3602,1448,True,True,66.0,15754,15754
2022-07-27,3606,1447,True,True,64.0,15916,15916
2022-07-28,3608,1446,True,True,64.0,15758,15758
2022-07-29,3615,1445,True,True,83.0,15233,15233
2022-08-01,3619,1442,True,True,232.0,14975,14975
2022-08-02,3625,1441,True,True,231.0,15118,15118
2022-08-03,3629,1440,True,True,232.0,14862,14862
2022-08-04,3635,1439,True,True,251.0,14467,14467
2022-08-05,3643,1438,True,True,250.0,14513,14513
2022-08-08,3649,1435,True,True,249.0,14215,14215
2022-08-09,3655,1434,True,True,247.0,14412,14412
2022-08-10,3659,1433,True,True,246.0,14333,14333
2022-08-11,3666,1432,True,True,245.0,14323,14323
2022-08-12,3672,1431,True,True,244.0,14335,14335
2022-08-15,3676,1428,True,True,255.0,14105,14105
2022-08-16,3684,1427,True,True,290.0,13909,13909
2022-08-17,3692,1426,True,True,300.0,13758,13758
2022-08-18,3697,1425,True,True,300.0,13671,13671
2022-08-19,3702,1424,True,True,301.0,13585,13585
2022-08-22,3704,1421,True,True,297.0,13638,13638
2022-08-23,3709,1420,True,True,293.0,13802,13802
2022-08-24,3714,1419,True,True,246.0,14041,14041
2022-08-25,3719,1418,True,True,245.0,14119,14119
2022-08-26,3726,1417,True,True,293.0,13644,13644
2022-08-29,3732,1414,True,True,287.0,13801,13801
2022-08-30,3735,1413,True,True,288.0,13702,13702
2022-08-31,3740,1412,True,True,285.0,13842,13842
2022-09-01,3747,1411,True,True,270.0,13982,13982
2022-09-02,3752,1410,True,True,269.0,13988,13988
2022-09-05,3760,1407,True,True,220.0,14437,14437
2022-09-06,3763,1406,True,True,219.0,14373,14373
2022-09-07,3767,1405,True,True,217.0,14496,14496
2022-09-08,3771,1404,True,True,231.0,14143,14143
2022-09-09,3779,1403,True,True,259.0,14025,14025
2022-09-12,3786,1400,True,True,263.0,13961,13961
2022-09-13,3791,1399,True,True,272.0,13845,13845
2022-09-14,3796,1398,True,True,261.0,13892,13892
2022-09-15,3800,1397,True,True,274.0,13620,13620
2022-09-16,3808,1396,True,True,269.0,13838,13838
2022-09-19,3812,1393,True,True,266.0,13851,13851
2022-09-20,3818,1392,True,True,265.0,13864,13864
2022-09-21,3821,1391,True,True,266.0,13741,13741
2022-09-22,3826,1390,True,True,204.0,14217,14217
2022-09-23,3833,1389,True,True,216.0,14094,14094
2022-09-26,3839,1386,True,True,213.0,14120,14120
2022-09-27,3844,1385,True,True,248.0,13938,13938
2022-09-28,3852,1384,True,True,258.0,13772,13772
2022-09-29,3859,1383,True,True,293.0,13355,13355
2022-09-30,3865,1382,True,True,332.0,13225,13225
2022-10-03,3872,1379,True,True,288.0,13481,13481
2022-10-04,3877,1378,True,True,288.0,13310,13310
2022-10-05,3881,1377,True,True,331.0,13031,13031
2022-10-06,3888,1376,True,True,329.0,13079,13079
2022-10-07,3893,1375,True,True,325.0,13261,13261
2022-10-10,3899,1372,True,True,322.0,13296,13296
2022-10-11,3905,1371,True,True,321.0,13262,13262
2022-10-12,3910,1370,True,True,280.0,13328,13328
2022-10-13,3916,1369,True,True,279.0,13413,13413
2022-10-14,3923,1368,True,True,278.0,13315,13315
2022-10-17,3930,1365,True,True,275.0,13332,13332
2022-10-18,3935,1364,True,True,314.0,13242,13242
2022-10-19,3940,1363,True,True,313.0,13208,13208
2022-10-20,3944,1362,True,True,316.0,13009,13009
2022-10-21,3948,1361,True,True,312.0,13136,13136
2022-10-24,3954,1358,True,True,315.0,12869,12869
2022-10-25,3959,1357,True,True,310.0,13068,13068
2022-10-26,3966,1356,True,True,307.0,13104,13104
2022-10-27,3970,1355,True,True,305.0,13234,13234
2022-10-28,3975,1354,True,True,241.0,13543,13543
2022-10-31,3981,1351,True,True,261.0,13324,13324
2022-11-01,3989,1350,True,True,260.0,13384,13384
2022-11-02,3993,1349,True,True,236.0,13543,13543
2022-11-03,3999,1348,True,True,222.0,13766,13766
2022-11-04,4005,1347,True,True,160.0,14236,14236
2022-11-07,4013,1344,True,True,156.0,14498,14498
2022-11-08,4018,1343,True,True,156.0,14400,14400
2022-11-09,4023,1342,True,True,198.0,14028,14028
2022-11-10,4029,1341,True,True,154.0,14362,14362
2022-11-11,4033,1340,True,True,153.0,14299,14299
2022-11-14,4037,1337,True,True,150.0,14427,14427
2022-11-15,4042,1336,True,True,149.0,14243,14243
2022-11-16,4047,1335,True,True,162.0,14067,14067
2022-11-17,4053,1334,True,True,147.0,14265,14265
2022-11-18,4060,1333,True,True,196.0,13875,13875
2022-11-21,4067,1330,True,True,207.0,13616,13616
2022-11-22,4071,1329,True,True,202.0,13841,13841
2022-11-23,4078,1328,True,True,205.0,13614,13614
2022-11-24,4084,1327,True,True,237.0,13328,13328
2022-11-25,4090,1326,True,True,235.0,13427,13427
2022-11-28,4092,1323,True,True,232.0,13479,13479
2022-11-29,4095,1322,True,True,232.0,13316,13316
2022-11-30,4102,1321,True,True,230.0,13461,13461
2022-12-01,4107,1320,True,True,270.0,13255,13255
2022-12-02,4112,1319,True,True,229.0,13363,13363
2022-12-05,4116,1316,True,True,266.0,13240,13240
2022-12-06,4123,1315,True,True,224.0,13460,13460
2022-12-07,4128,1314,True,True,191.0,13597,13597
2022-12-08,4132,1313,True,True,187.0,13766,13766
2022-12-09,4135,1312,True,True,199.0,13563,13563
2022-12-12,4141,1309,True,True,218.0,13522,13522
2022-12-13,4146,1308,True,True,217.0,13426,13426
2022-12-14,4152,1307,True,True,184.0,13604,13604
2022-12-15,4161,1306,True,True,181.0,13660,13660
2022-12-16,4165,1305,True,True,181.0,13642,13642
2022-12-19,4171,1302,True,True,176.0,13761,13761
2022-12-20,4179,1301,True,True,174.0,13857,13857
2022-12-21,4184,1300,True,True,127.0,14076,14076
2022-12-22,4191,1299,True,True,155.0,14016,14016
2022-12-23,4198,1298,True,True,125.0,14161,14161
2022-12-27,4204,1294,True,True,107.0,14295,14295
2022-12-28,4206,1293,True,True,106.0,14277,14277
2022-12-29,4216,1292,True,True,105.0,14455,14455
2022-12-30,4222,1291,True,True,104.0,14231,14231
2023-01-03,4228,1287,True,True,100.0,14396,14396
2023-01-04,4232,1286,True,True,99.0,14358,14358
2023-01-05,4239,1285,True,True,88.0,14668,14668
2023-01-06,4242,1284,True,True,76.0,14843,14843
2023-01-09,4246,1281,True,True,108.0,14144,14144
2023-01-10,4250,1280,True,True,153.0,13811,13811
2023-01-11,4253,1279,True,True,154.0,13708,13708
2023-01-12,4259,1278,True,True,151.0,13817,13817
2023-01-13,4266,1277,True,True,104.0,14197,14197
2023-01-16,4272,1274,True,True,101.0,14044,14044
2023-01-17,4276,1273,True,True,136.0,13953,13953
2023-01-18,4280,1272,True,True,128.0,14020,14020
2023-01-19,4286,1271,True,True,98.0,14118,14118
2023-01-20,4290,1270,True,True,97.0,14119,14119
2023-01-23,4294,1267,True,True,130.0,13881,13881
2023-01-24,4298,1266,True,True,129.0,13908,13908
2023-01-25,4303,1265,True,True,140.0,13743,13743
2023-01-26,4304,1264,True,True,139.0,13690,13690
2023-01-27,4308,1263,True,True,140.0,13610,13610
2023-01-30,4313,1260,True,True,210.0,13241,13241
2023-01-31,4318,1259,True,True,168.0,13509,13509
2023-02-01,4325,1258,True,True,168.0,13417,13417
2023-02-02,4333,1257,True,True,132.0,13658,13658
2023-02-03,4339,1256,True,True,165.0,13531,13531
2023-02-06,4340,1253,True,True,163.0,13311,13311
2023-02-07,4348,1252,True,True,129.0,13615,13615
2023-02-08,4352,1251,True,True,204.0,13077,13077
2023-02-09,4358,1250,True,True,200.0,13257,13257
2023-02-10,4364,1249,True,True,199.0,13294,13294
2023-02-13,4368,1246,True,True,200.0,13001,13001
2023-02-14,4376,1245,True,True,211.0,12768,12768
2023-02-15,4384,1244,True,True,198.0,12912,12912
2023-02-16,4393,1243,True,True,200.0,12873,12873
2023-02-17,4398,1242,True,True,196.0,13003,13003
2023-02-20,4402,1239,True,True,193.0,12958,12958
2023-02-21,4405,1238,True,True,192.0,12934,12934
2023-02-22,4411,1237,True,True,147.0,13312,13312
2023-02-23,4418,1236,True,True,145.0,13448,13448
2023-02-24,4421,1235,True,True,145.0,13324,13324
2023-02-27,4426,1232,True,True,142.0,13364,13364
2023-02-28,4435,1231,True,True,141.0,13357,13357
2023-03-01,4439,1230,True,True,140.0,13414,13414
2023-03-02,4444,1229,True,True,138.0,13477,13477
2023-03-03,4448,1228,True,True,178.0,13269,13269
2023-03-06,4455,1225,True,True,176.0,13127,13127
2023-03-07,4462,1224,True,True,174.0,13192,13192
2023-03-08,4468,1223,True,True,173.0,13227,13227
2023-03-09,4476,1222,True,True,172.0,13172,13172
2023-03-10,4480,1221,True,True,178.0,12886,12886
2023-03-13,4487,1218,True,True,168.0,13179,13179
2023-03-14,4491,1217,True,True,126.0,13425,13425
2023-03-15,4495,1216,True,True,167.0,13120,13120
2023-03-16,4499,1215,True,True,169.0,12997,12997
2023-03-17,4505,1214,True,True,180.0,12714,12714
2023-03-20,4511,1211,True,True,177.0,12752,12752
2023-03-21,4513,1210,True,True,297.0,12611,12611
2023-03-22,4519,1209,True,True,303.0,12362,12362
2023-03-23,4524,1208,True,True,302.0,12382,12382
2023-03-24,4532,1207,True,True,293.0,12674,12674
2023-03-27,4533,1204,True,True,297.0,12493,12493
2023-03-28,4538,1203,True,True,296.0,12486,12486
2023-03-29,4543,1202,True,True,295.0,12545,12545
2023-03-30,4550,1201,True,True,298.0,12308,12308
2023-03-31,4556,1200,True,True,301.0,12256,12256
2023-04-03,4560,1197,True,True,305.0,12175,12175
2023-04-04,4566,1196,True,True,307.0,12058,12058
2023-04-05,4573,1195,True,True,303.0,12238,12238
2023-04-06,4579,1194,True,True,288.0,12401,12401
2023-04-07,4584,1193,True,True,304.0,12171,12171
2023-04-10,4589,1190,True,True,298.0,12214,12214
2023-04-11,4596,1189,True,True,300.0,12059,12059
2023-04-12,4600,1188,True,True,299.0,12110,12110
2023-04-13,4605,1187,True,True,299.0,11992,11992
2023-04-14,4612,1186,True,True,301.0,11635,11635
2023-04-17,4619,1183,True,True,296.0,11725,11725
2023-04-18,4624,1182,True,True,295.0,11777,11777
2023-04-19,4632,1181,True,True,292.0,12060,12060
2023-04-20,4637,1180,True,True,291.0,12113,12113
2023-04-21,4643,1179,True,True,291.0,12008,12008
2023-04-24,4648,1176,True,True,287.0,12029,12029
2023-04-25,4653,1175,True,True,287.0,11990,11990
2023-04-26,4660,1174,True,True,285.0,12078,12078
2023-04-27,4663,1173,True,True,285.0,11895,11895
2023-04-28,4671,1172,True,True,291.0,11553,11553
2023-05-01,4677,1169,True,True,288.0,11537,11537
2023-05-02,4685,1168,True,True,281.0,11746,11746
2023-05-03,4693,1167,True,True,279.0,11899,11899
2023-05-04,4700,1166,True,True,279.0,11789,11789
2023-05-05,4706,1165,True,True,276.0,12039,12039
2023-05-08,4712,1162,True,True,275.0,11817,11817
2023-05-09,4721,1161,True,True,274.0,11848,11848
2023-05-10,4726,1160,True,True,272.0,12013,12013
2023-05-11,4736,1159,True,True,271.0,11937,11937
2023-05-12,4745,1158,True,True,269.0,12159,12159
2023-05-15,4752,1155,True,True,249.0,12346,12346
2023-05-16,4760,1154,True,True,251.0,12313,12313
2023-05-17,4769,1153,True,True,247.0,12341,12341
2023-05-18,4775,1152,True,True,249.0,12314,12314
2023-05-19,4780,1151,True,True,262.0,12042,12042
2023-05-22,4785,1148,True,True,256.0,12241,12241
2023-05-23,4789,1147,True,True,258.0,12132,12132
2023-05-24,4793,1146,True,True,254.0,12236,12236
2023-05-25,4799,1145,True,True,256.0,12074,12074
2023-05-26,4802,1144,True,True,257.0,11872,11872
2023-05-29,4808,1141,True,True,260.0,11426,11426
2023-05-30,4814,1140,True,True,259.0,11496,11496
2023-05-31,4819,1139,True,True,258.0,11534,11534
2023-06-01,4821,1138,True,True,257.0,11525,11525
2023-06-02,4828,1137,True,True,256.0,11447,11447
2023-06-05,4838,1134,True,True,249.0,11632,11632
2023-06-06,4842,1133,True,True,252.0,11584,11584
2023-06-07,4849,1132,True,True,251.0,11567,11567
2023-06-08,4853,1131,True,True,250.0,11541,11541
2023-06-09,4860,1130,True,True,249.0,11499,11499
2023-06-12,4863,1127,True,True,246.0,11413,11413
2023-06-13,4869,1126,True,True,248.0,11182,11182
2023-06-14,4875,1125,True,True,247.0,11240,11240
2023-06-15,4882,1124,True,True,252.0,11060,11060
2023-06-16,4887,1123,True,True,251.0,11087,11087
2023-06-19,4893,1120,True,True,241.0,11266,11266
2023-06-20,4898,1119,True,True,239.0,11363,11363
2023-06-21,4904,1118,True,True,237.0,11395,11395
2023-06-22,4909,1117,True,True,236.0,11389,11389
2023-06-23,4914,1116,True,True,238.0,11138,11138
2023-06-26,4918,1113,True,True,235.0,11147,11147
2023-06-27,4921,1112,True,True,240.0,11075,11075
2023-06-28,4927,1111,True,True,233.0,11224,11224
2023-06-29,4935,1110,True,True,230.0,11371,11371
2023-06-30,4940,1109,True,True,228.0,11423,11423
2023-07-03,4946,1106,True,True,226.0,11287,11287
2023-07-04,4952,1105,True,True,227.0,11235,11235
2023-07-05,4957,1104,True,True,225.0,11264,11264
2023-07-06,4961,1103,True,True,223.0,11330,11330
2023-07-07,4967,1102,True,True,221.0,11458,11458
2023-07-10,4972,1099,True,True,218.0,11568,11568
2023-07-11,4977,1098,True,True,217.0,11420,11420
2023-07-12,4984,1097,True,True,216.0,11461,11461
2023-07-13,4991,1096,True,True,215.0,11435,11435
2023-07-14,4997,1095,True,True,215.0,11292,11292
2023-07-17,5005,1092,True,True,214.0,11209,11209
2023-07-18,5014,1091,True,True,219.0,11084,11084
2023-07-19,5019,1090,True,True,246.0,10839,10839
2023-07-20,5026,1089,True,True,218.0,10930,10930
2023-07-21,5031,1088,True,True,210.0,11137,11137
2023-07-24,5037,1085,True,True,214.0,10988,10988
2023-07-25,5044,1084,True,True,206.0,11170,11170
2023-07-26,5051,1083,True,True,211.0,11063,11063
2023-07-27,5056,1082,True,True,204.0,11193,11193
2023-07-28,5062,1081,True,True,202.0,11265,11265
2023-07-31,5068,1078,True,True,206.0,11050,11050
2023-08-01,5076,1077,True,True,199.0,11191,11191
2023-08-02,5079,1076,True,True,197.0,11278,11278
2023-08-03,5083,1075,True,True,195.0,11287,11287
2023-08-04,5087,1074,True,True,196.0,11214,11214
2023-08-07,5092,1071,True,True,191.0,11373,11373
2023-08-08,5099,1070,True,True,190.0,11324,11324
2023-08-09,5104,1069,True,True,190.0,11263,11263
2023-08-10,5111,1068,True,True,189.0,11266,11266
2023-08-11,5119,1067,True,True,189.0,11171,11171
2023-08-14,5127,1064,True,True,183.0,11407,11407
2023-08-15,5133,1063,True,True,184.0,11253,11253
2023-08-16,5138,1062,True,True,181.0,11561,11561
2023-08-17,5142,1061,True,True,175.0,11657,11657
2023-08-18,5145,1060,True,True,179.0,11423,11423
2023-08-21,5153,1057,True,True,176.0,11570,11570
2023-08-22,5158,1056,True,True,178.0,11229,11229
2023-08-23,5165,1055,True,True,175.0,11315,11315
2023-08-24,5173,1054,True,True,183.0,10899,10899
2023-08-25,5178,1053,True,True,175.0,11174,11174
2023-08-28,5183,1050,True,True,206.0,10785,10785
2023-08-29,5190,1049,True,True,216.0,10568,10568
2023-08-30,5199,1048,True,True,211.0,10711,10711
2023-08-31,5204,1047,True,True,214.0,10610,10610
2023-09-01,5211,1046,True,True,213.0,10565,10565
2023-09-04,5216,1043,True,True,212.0,10322,10322
2023-09-05,5222,1042,True,True,211.0,10263,10263
2023-09-06,5229,1041,True,True,210.0,10413,10413
2023-09-07,5233,1040,True,True,208.0,10421,10421
2023-09-08,5239,1039,True,True,206.0,10521,10521
2023-09-11,5244,1036,True,True,204.0,10444,10444
2023-09-12,5250,1035,True,True,205.0,10229,10229
2023-09-13,5259,1034,True,True,204.0,10256,10256
2023-09-14,5264,1033,True,True,203.0,10185,10185
2023-09-15,5271,1032,True,True,201.0,10270,10270
2023-09-18,5276,1029,True,True,198.0,10312,10312
2023-09-19,5281,1028,True,True,198.0,10233,10233
2023-09-20,5287,1027,True,True,197.0,10203,10203
2023-09-21,5294,1026,True,True,193.0,10519,10519
2023-09-22,5300,1025,True,True,192.0,10656,10656
2023-09-25,5304,1022,True,True,189.0,10589,10589
2023-09-26,5313,1021,True,True,188.0,10480,10480
2023-09-27,5320,1020,True,True,183.0,10703,10703
2023-09-28,5325,1019,True,True,175.0,10747,10747
2023-09-29,5331,1018,True,True,181.0,10683,10683
2023-10-02,5337,1015,True,True,182.0,10523,10523
2023-10-03,5344,1014,True,True,181.0,10556,10556
2023-10-04,5351,1013,True,True,175.0,10737,10737
2023-10-05,5359,1012,True,True,179.0,10635,10635
2023-10-06,5362,1011,True,True,178.0,10589,10589
2023-10-09,5367,1008,True,True,175.0,10564,10564
2023-10-10,5372,1007,True,True,174.0,10474,10474
2023-10-11,5376,1006,True,True,173.0,10603,10603
2023-10-12,5381,1005,True,True,172.0,10452,10452
2023-10-13,5385,1004,True,True,171.0,10499,10499
2023-10-16,5392,1001,True,True,168.0,10631,10631
2023-10-17,5398,1000,True,True,167.0,10651,10651
2023-10-18,5403,999,True,True,166.0,10489,10489
2023-10-19,5410,998,True,True,127.0,10905,10905
2023-10-20,5414,997,True,True,126.0,10947,10947
2023-10-23,5418,994,True,True,116.0,11187,11187
2023-10-24,5425,993,True,True,113.0,11372,11372
2023-10-25,5431,992,True,True,112.0,11366,11366
2023-10-26,5440,991,True,True,103.0,11938,11938
2023-10-27,5445,990,True,True,102.0,11985,11985
2023-10-30,5451,987,True,True,99.0,11934,11934
2023-10-31,5457,986,True,True,97.0,12029,12029
2023-11-01,5461,985,True,True,98.0,11829,11829
2023-11-02,5463,984,True,True,97.0,11877,11877
2023-11-03,5467,983,True,True,98.0,11630,11630
2023-11-06,5469,980,True,True,99.0,11587,11587
2023-11-07,5470,979,True,True,98.0,11549,11549
2023-11-08,5476,978,True,True,97.0,11610,11610
2023-11-09,5485,977,True,True,90.0,11781,11781
2023-11-10,5488,976,True,True,89.0,11710,11710
2023-11-13,5490,973,True,True,88.0,11632,11632
2023-11-14,5492,972,True,True,91.0,11583,11583
2023-11-15,5498,971,True,True,84.0,11712,11712
2023-11-16,5506,970,True,True,82.0,11931,11931
2023-11-17,5513,969,True,True,81.0,11912,11912
2023-11-20,5518,966,True,True,79.0,11850,11850
2023-11-21,5524,965,True,True,84.0,11593,11593
2023-11-22,5527,964,True,True,77.0,11692,11692
2023-11-23,5534,963,True,True,78.0,11628,11628
2023-11-24,5540,962,True,True,77.0,11633,11633
2023-11-27,5543,959,True,True,72.0,11754,11754
2023-11-28,5549,958,True,True,71.0,11826,11826
2023-11-29,5556,957,True,True,70.0,11860,11860
2023-11-30,5561,956,True,True,69.0,11792,11792
2023-12-01,5567,955,True,True,68.0,11765,11765
2023-12-04,5574,952,True,True,64.0,11944,11944
2023-12-05,5581,951,True,True,64.0,11852,11852
2023-12-06,5586,950,True,True,63.0,11739,11739
2023-12-07,5589,949,True,True,62.0,11791,11791
2023-12-08,5595,948,True,True,61.0,11747,11747
2023-12-11,5601,945,True,True,64.0,11572,11572
2023-12-12,5606,944,True,True,64.0,11364,11364
2023-12-13,5611,943,True,True,65.0,11231,11231
2023-12-14,5616,942,True,True,70.0,11051,11051
2023-12-15,5622,941,True,True,63.0,11189,11189
2023-12-18,5627,938,True,True,66.0,11065,11065
2023-12-19,5633,937,True,True,66.0,10939,10939
2023-12-20,5639,936,True,True,92.0,10807,10807
2023-12-21,5644,935,True,True,91.0,10808,10808
2023-12-22,5651,934,True,True,90.0,10890,10890
2023-12-26,5657,930,True,True,59.0,10995,10995
2023-12-27,5665,929,True,True,85.0,10768,10768
2023-12-28,5672,928,True,True,95.0,10667,10667
2023-12-29,5679,927,True,True,83.0,10831,10831
2024-01-02,5684,923,True,True,79.0,10826,10826
2024-01-03,5689,922,True,True,89.0,10588,10588
2024-01-04,5694,921,True,True,84.0,10711,10711
2024-01-05,5701,920,True,True,76.0,10803,10803
2024-01-08,5708,917,True,True,80.0,10692,10692
2024-01-09,5716,916,True,True,85.0,10328,10328
2024-01-10,5721,915,True,True,84.0,10347,10347
2024-01-11,5729,914,True,True,83.0,10288,10288
2024-01-12,5734,913,True,True,84.0,10051,10051
2024-01-15,5740,910,True,True,81.0,10031,10031
2024-01-16,5745,909,True,True,79.0,10178,10178
2024-01-17,5748,908,True,True,78.0,10252,10252
2024-01-18,5753,907,True,True,78.0,10070,10070
2024-01-19,5758,906,True,True,80.0,9940,9940
2024-01-22,5761,903,True,True,79.0,9749,9749
2024-01-23,5768,902,True,True,73.0,10082,10082
2024-01-24,5772,901,True,True,72.0,10036,10036
2024-01-25,5778,900,True,True,74.0,9881,9881
2024-01-26,5784,899,True,True,75.0,9779,9779
2024-01-29,5792,896,True,True,70.0,9843,9843
2024-01-30,5796,895,True,True,71.0,9732,9732
2024-01-31,5804,894,True,True,65.0,9981,9981
2024-02-01,5811,893,True,True,64.0,10099,10099
2024-02-02,5818,892,True,True,66.0,9875,9875
2024-02-05,5825,889,True,True,119.0,9578,9578
2024-02-06,5831,888,True,True,119.0,9437,9437
2024-02-07,5837,887,True,True,118.0,9355,9355
2024-02-08,5844,886,True,True,118.0,9162,9162
2024-02-09,5849,885,True,True,117.0,9180,9180
2024-02-12,5856,882,True,True,114.0,9084,9084
2024-02-13,5861,881,True,True,114.0,9058,9058
2024-02-14,5866,880,True,True,119.0,8788,8788
2024-02-15,5870,879,True,True,118.0,8698,8698
2024-02-16,5880,878,True,True,117.0,8719,8719
2024-02-19,5887,875,True,True,114.0,8695,8695
2024-02-20,5890,874,True,True,113.0,8772,8772
2024-02-21,5898,873,True,True,112.0,8836,8836
2024-02-22,5902,872,True,True,111.0,8735,8735
2024-02-23,5906,871,True,True,119.0,8402,8402
2024-02-26,5911,868,True,True,112.0,8491,8491
2024-02-27,5917,867,True,True,106.0,8593,8593
2024-02-28,5922,866,True,True,105.0,8731,8731
2024-02-29,5926,865,True,True,104.0,8897,8897
2024-03-01,5932,864,True,True,103.0,8568,8568
2024-03-04,5939,861,True,True,108.0,8433,8433
2024-03-05,5943,860,True,True,99.0,8549,8549
2024-03-06,5949,859,True,True,98.0,8721,8721
2024-03-07,5954,858,True,True,105.0,8422,8422
2024-03-08,5959,857,True,True,96.0,8621,8621
2024-03-11,5964,854,True,True,93.0,8598,8598
2024-03-12,5967,853,True,True,92.0,8568,8568
2024-03-13,5968,852,True,True,99.0,8437,8437
2024-03-14,5973,851,True,True,90.0,8517,8517
2024-03-15,5979,850,True,True,89.0,8783,8783
2024-03-18,5980,847,True,True,86.0,8653,8653
2024-03-19,5984,846,True,True,90.0,8476,8476
2024-03-20,5990,845,True,True,93.0,8366,8366
2024-03-21,5991,844,True,True,97.0,8245,8245
2024-03-22,5994,843,True,True,91.0,8366,8366
2024-03-25,6001,840,True,True,87.0,8418,8418
2024-03-26,6004,839,True,True,92.0,8325,8325
2024-03-27,6009,838,True,True,86.0,8349,8349
2024-03-28,6017,837,True,True,91.0,8122,8122
2024-04-01,6020,833,True,True,86.0,8305,8305
2024-04-02,6025,832,True,True,90.0,7888,7888
2024-04-03,6030,831,True,True,89.0,7835,7835
2024-04-04,6034,830,True,True,89.0,7726,7726
2024-04-05,6038,829,True,True,88.0,7538,7538
2024-04-08,6047,826,True,True,86.0,7420,7420
2024-04-09,6051,825,True,True,85.0,7346,7346
2024-04-10,6057,824,True,True,86.0,7190,7190
2024-04-11,6063,823,True,True,83.0,7433,7433
2024-04-12,6070,822,True,True,82.0,7370,7370
2024-04-15,6077,819,True,True,74.0,7927,7927
2024-04-16,6084,818,True,True,73.0,8066,8066
2024-04-17,6090,817,True,True,71.0,8182,8182
2024-04-18,6094,816,True,True,70.0,8092,8092
2024-04-19,6103,815,True,True,54.0,8567,8567
2024-04-22,6108,812,True,True,59.0,8448,8448
2024-04-23,6113,811,True,True,64.0,8303,8303
2024-04-24,6121,810,True,True,64.0,8113,8113
2024-04-25,6127,809,True,True,62.0,8268,8268
2024-04-26,6132,808,True,True,63.0,8073,8073
2024-04-29,6138,805,True,True,60.0,7959,7959
2024-04-30,6145,804,True,True,59.0,7921,7921
2024-05-01,6152,803,True,True,51.0,8401,8401
2024-05-02,6157,802,True,True,55.0,8311,8311
2024-05-03,6162,801,True,True,56.0,7998,7998
2024-05-06,6166,798,True,True,57.0,7617,7617
2024-05-07,6173,797,True,True,57.0,7429,7429
2024-05-08,6179,796,True,True,55.0,7553,7553
2024-05-09,6184,795,True,True,54.0,7481,7481
2024-05-10,6192,794,True,True,54.0,7425,7425
2024-05-13,6199,791,True,True,50.0,7525,7525
2024-05-14,6207,790,True,True,49.0,7537,7537
2024-05-15,6211,789,True,True,49.0,7338,7338
2024-05-16,6219,788,True,True,50.0,7151,7151
2024-05-17,6223,787,True,True,47.0,7247,7247
2024-05-20,6227,784,True,True,44.0,7271,7271
2024-05-21,6233,783,True,True,45.0,7171,7171
2024-05-22,6238,782,True,True,44.0,7163,7163
2024-05-23,6242,781,True,True,43.0,7147,7147
2024-05-24,6245,780,True,True,40.0,7353,7353
2024-05-27,6252,777,True,True,37.0,7384,7384
2024-05-28,6254,776,True,True,36.0,7287,7287
2024-05-29,6259,775,True,True,37.0,7183,7183
2024-05-30,6263,774,True,True,34.0,7259,7259
2024-05-31,6268,773,True,True,33.0,7312,7312
2024-06-03,6272,770,True,True,32.0,7215,7215
2024-06-04,6276,769,True,True,38.0,6874,6874
2024-06-05,6282,768,True,True,37.0,6761,6761
2024-06-06,6288,767,True,True,74.0,6478,6478
2024-06-07,6296,766,True,True,35.0,6675,6675
2024-06-10,6302,763,True,True,67.0,6525,6525
2024-06-11,6309,762,True,True,31.0,6686,6686
2024-06-12,6316,761,True,True,69.0,6437,6437
2024-06-13,6323,760,True,True,74.0,6150,6150
2024-06-14,6329,759,True,True,68.0,6255,6255
2024-06-17,6335,756,True,True,70.0,6129,6129
2024-06-18,6340,755,True,True,72.0,5954,5954
2024-06-19,6343,754,True,True,71.0,5934,5934
2024-06-20,6347,753,True,True,70.0,5933,5933
2024-06-21,6352,752,True,True,69.0,5874,5874
2024-06-24,6358,749,True,True,66.0,5872,5872
2024-06-25,6363,748,True,True,65.0,6062,6062
2024-06-26,6371,747,True,True,64.0,5861,5861
2024-06-27,6377,746,True,True,63.0,5791,5791
2024-06-28,6385,745,True,True,83.0,5504,5504
2024-07-01,6391,742,True,True,80.0,5437,5437
2024-07-02,6397,741,True,True,83.0,5204,5204
2024-07-03,6404,740,True,True,85.0,4877,4877
2024-07-04,6410,739,True,True,85.0,4753,4753
2024-07-05,6411,738,True,True,83.0,4778,4778
2024-07-08,6416,735,True,True,88.0,4545,4545
2024-07-09,6423,734,True,True,87.0,4509,4509
2024-07-10,6427,733,True,True,86.0,4483,4483
2024-07-11,6435,732,True,True,85.0,4482,4482
2024-07-12,6436,731,True,True,84.0,4462,4462
2024-07-15,6441,728,True,True,114.0,4129,4129
2024-07-16,6447,727,True,True,80.0,4353,4353
2024-07-17,6452,726,True,True,84.0,4245,4245
2024-07-18,6457,725,True,True,78.0,4469,4469
2024-07-19,6463,724,True,True,77.0,4418,4418
2024-07-22,6469,721,True,True,74.0,4528,4528
2024-07-23,6475,720,True,True,73.0,4544,4544
2024-07-24,6483,719,True,True,64.0,5071,5071
2024-07-25,6491,718,True,True,56.0,5461,5461
2024-07-26,6496,717,True,True,34.0,6020,6020
2024-07-29,6501,714,True,True,31.0,6063,6063
2024-07-30,6506,713,True,True,30.0,5880,5880
2024-07-31,6509,712,True,True,29.0,6004,6004
2024-08-01,6513,711,True,True,49.0,5443,5443
2024-08-02,6520,710,True,True,48.0,5562,5562
2024-08-05,6525,707,True,True,24.0,6096,6096
2024-08-06,6526,706,True,True,23.0,5821,5821
2024-08-07,6530,705,True,True,22.0,6082,6082
2024-08-08,6536,704,True,True,15.0,6205,6205
2024-08-09,6541,703,True,True,41.0,5474,5474
2024-08-12,6545,700,True,True,45.0,5097,5097
2024-08-13,6551,699,True,True,37.0,5291,5291
2024-08-14,6558,698,True,True,43.0,5050,5050
2024-08-15,6565,697,True,True,42.0,4796,4796
2024-08-16,6569,696,True,True,52.0,4307,4307
2024-08-19,6572,693,True,True,80.0,3935,3935
2024-08-20,6576,692,True,True,79.0,3943,3943
2024-08-21,6582,691,True,True,79.0,3835,3835
2024-08-22,6590,690,True,True,78.0,3815,3815
2024-08-23,6594,689,True,True,76.0,4035,4035
2024-08-26,6600,686,True,True,77.0,3595,3595
2024-08-27,6606,685,True,True,73.0,3789,3789
2024-08-28,6615,684,True,True,75.0,3622,3622
2024-08-29,6620,683,True,True,71.0,3830,3830
2024-08-30,6625,682,True,True,73.0,3499,3499
2024-09-02,6635,679,True,True,70.0,3657,3657
2024-09-03,6640,678,True,True,69.0,3662,3662
2024-09-04,6643,677,True,True,68.0,3734,3734
2024-09-05,6649,676,True,True,32.0,4315,4315
2024-09-06,6657,675,True,True,61.0,4191,4191
2024-09-09,6662,672,True,True,30.0,4266,4266
2024-09-10,6669,671,True,True,59.0,3747,3747
2024-09-11,6677,670,True,True,57.0,4067,4067
2024-09-12,6681,669,True,True,60.0,3547,3547
2024-09-13,6688,668,True,True,61.0,3427,3427
2024-09-16,6690,665,True,True,91.0,3250,3250
2024-09-17,6694,664,True,True,90.0,3289,3289
2024-09-18,6700,663,True,True,54.0,3555,3555
2024-09-19,6706,662,True,True,55.0,3483,3483
2024-09-20,6712,661,True,True,117.0,2636,2636
2024-09-23,6719,658,True,True,114.0,2672,2672
2024-09-24,6722,657,True,True,113.0,2691,2691
2024-09-25,6728,656,True,True,112.0,2818,2818
2024-09-26,6735,655,True,True,111.0,2654,2654
2024-09-27,6741,654,True,True,111.0,2198,2198
2024-09-30,6744,651,True,True,114.0,2107,2107
2024-10-01,6749,650,True,True,106.0,2286,2286
2024-10-02,6753,649,True,True,106.0,2168,2168
2024-10-03,6758,648,True,True,111.0,2132,2132
2024-10-04,6767,647,True,True,103.0,2438,2438
2024-10-07,6773,644,True,True,112.0,1787,1787
2024-10-08,6776,643,True,True,111.0,1904,1904
2024-10-09,6780,642,True,True,110.0,1749,1749
2024-10-10,6786,641,True,True,109.0,1709,1709
2024-10-11,6793,640,True,True,108.0,1907,1907
2024-10-14,6798,637,True,True,102.0,2017,2017
2024-10-15,6805,636,True,True,104.0,1824,1824
2024-10-16,6810,635,True,True,98.0,2082,2082
2024-10-17,6814,634,True,True,97.0,2156,2156
2024-10-18,6820,633,True,True,96.0,2076,2076
2024-10-21,6829,630,True,True,86.0,2272,2272
2024-10-22,6832,629,True,True,86.0,2163,2163
2024-10-23,6836,628,True,True,84.0,2235,2235
2024-10-24,6842,627,True,True,83.0,2369,2369
2024-10-25,6850,626,True,True,82.0,2301,2301
2024-10-28,6859,623,True,True,86.0,2072,2072
2024-10-29,6866,622,True,True,79.0,2198,2198
2024-10-30,6872,621,True,True,77.0,2371,2371
2024-10-31,6874,620,True,True,76.0,2766,2766
2024-11-01,6877,619,True,True,75.0,2772,2772
2024-11-04,6882,616,True,True,46.0,2903,2903
2024-11-05,6885,615,True,True,71.0,2712,2712
2024-11-06,6890,614,True,True,77.0,2147,2147
2024-11-07,6894,613,True,True,82.0,1576,1576
2024-11-08,6899,612,True,True,81.0,1290,1290
2024-11-11,6903,609,True,True,78.0,1152,1152
2024-11-12,6906,608,True,True,78.0,902,902
2024-11-13,6912,607,True,True,77.0,971,971
2024-11-14,6918,606,True,True,75.0,1223,1223
2024-11-15,6924,605,True,True,74.0,1524,1524
2024-11-18,6929,602,True,True,71.0,1474,1474
2024-11-19,6934,601,True,True,70.0,1525,1525
2024-11-20,6939,600,True,True,69.0,1219,1219
2024-11-21,6943,599,True,True,68.0,1105,1105
2024-11-22,6948,598,True,True,68.0,922,922
2024-11-25,6952,595,True,True,65.0,974,974
2024-11-26,6959,594,True,True,64.0,988,988
2024-11-27,6966,593,True,True,62.0,1187,1187
2024-11-28,6970,592,True,True,61.0,1333,1333
2024-11-29,6976,591,True,True,60.0,1322,1322
2024-12-02,6980,588,True,True,57.0,1354,1354
2024-12-03,6985,587,True,True,56.0,1311,1311
2024-12-04,6990,586,True,True,55.0,1287,1287
2024-12-05,6994,585,True,True,54.0,1225,1225
2024-12-06,7000,584,True,True,53.0,1410,1410
2024-12-09,7005,581,True,True,50.0,1179,1179
2024-12-10,7011,580,True,True,49.0,1412,1412
2024-12-11,7016,579,True,True,48.0,1380,1380
2024-12-12,7020,578,True,True,47.0,1309,1309
2024-12-13,7025,577,True,True,46.0,1299,1299
2024-12-16,7033,574,True,True,44.0,997,997
2024-12-17,7040,573,True,True,48.0,646,646
2024-12-18,7046,572,True,True,47.0,667,667
2024-12-19,7051,571,True,True,46.0,606,606
2024-12-20,7056,570,True,True,45.0,646,646
2024-12-23,7059,567,True,True,42.0,665,665
2024-12-24,7062,566,True,True,38.0,803,803
2024-12-26,7066,564,True,True,36.0,794,794
2024-12-27,7071,563,True,True,33.0,890,890
2024-12-30,7078,560,True,True,32.0,888,888
2024-12-31,7083,559,True,True,31.0,883,883
2025-01-02,7088,557,True,True,27.0,941,941
2025-01-03,7094,556,True,True,25.0,1159,1159
2025-01-06,7097,553,True,True,23.0,896,896
2025-01-07,7105,552,True,True,37.0,426,426
2025-01-08,7111,551,True,True,36.0,471,471
2025-01-09,7116,550,True,True,22.0,868,868
2025-01-10,7119,549,True,True,19.0,897,897
2025-01-13,7123,546,True,True,18.0,809,809
2025-01-14,7128,545,True,True,15.0,1001,1001
2025-01-15,7132,544,True,True,19.0,585,585
2025-01-16,7139,543,False,True,,0,0
2025-01-17,7146,542,True,True,27.0,370,370
2025-01-20,7152,539,True,True,24.0,356,356
2025-01-21,7157,538,True,True,31.0,191,191
2025-01-22,7162,537,False,True,,0,0
2025-01-23,7168,536,False,True,,0,0
2025-01-24,7172,535,False,True,,0,0
2025-01-27,7178,532,False,True,,0,0
2025-01-28,7181,531,False,True,,0,0
2025-01-29,7187,530,False,True,,0,0
2025-01-30,7195,529,False,True,,0,0
2025-01-31,7200,528,False,True,,0,0
2025-02-03,7202,525,False,True,,0,0
2025-02-04,7207,524,False,True,,0,0
2025-02-05,7214,523,False,True,,0,0
2025-02-06,7218,522,False,True,,0,0
2025-02-07,7225,521,False,True,,0,0
2025-02-10,7229,518,False,True,,0,0
2025-02-11,7235,517,False,True,,0,0
2025-02-12,7240,516,False,True,,0,0
2025-02-13,7246,515,False,True,,0,0
2025-02-14,7253,514,False,True,,0,0
2025-02-17,7259,511,False,True,,0,0
2025-02-18,7264,510,False,True,,0,0
2025-02-19,7273,509,False,True,,0,0
2025-02-20,7280,508,False,True,,0,0
2025-02-21,7287,507,False,True,,0,0
2025-02-24,7290,504,False,True,,0,0
2025-02-25,7294,503,False,True,,0,0
2025-02-26,7299,502,False,True,,0,0
2025-02-27,7304,501,False,True,,0,0
2025-02-28,7311,500,False,True,,0,0
2025-03-03,7319,497,False,True,,0,0
2025-03-04,7322,496,False,True,,0,0
2025-03-05,7327,495,False,True,,0,0
2025-03-06,7333,494,False,True,,0,0
2025-03-07,7341,493,False,True,,0,0
2025-03-10,7348,490,False,True,,0,0
2025-03-11,7355,489,False,True,,0,0
2025-03-12,7362,488,False,True,,0,0
2025-03-13,7367,487,False,True,,0,0
2025-03-14,7371,486,False,True,,0,0
2025-03-17,7377,483,False,True,,0,0
2025-03-18,7379,482,False,True,,0,0
2025-03-19,7385,481,False,True,,0,0
2025-03-20,7386,480,False,True,,0,0
2025-03-21,7393,479,False,True,,0,0
2025-03-24,7400,476,False,True,,0,0
2025-03-25,7410,475,False,True,,0,0
2025-03-26,7412,474,False,True,,0,0
2025-03-27,7418,473,False,True,,0,0
2025-03-28,7424,472,False,True,,0,0
2025-03-31,7428,469,False,True,,0,0
2025-04-01,7433,468,False,True,,0,0
2025-04-02,7437,467,False,True,,0,0
2025-04-03,7444,466,False,True,,0,0
2025-04-04,7449,465,True,True,5.0,6674,6674
2025-04-07,7457,462,True,True,0.0,8204,8204
2025-04-08,7465,461,True,True,1.0,6287,6287
2025-04-09,7473,460,True,True,0.0,6599,6599
2025-04-10,7478,459,True,True,39.0,4049,4049
2025-04-11,7483,458,True,True,32.0,4775,4775
2025-04-14,7489,455,True,True,35.0,4029,4029
2025-04-15,7496,454,True,True,34.0,4020,4020
2025-04-16,7499,453,True,True,71.0,3530,3530
2025-04-17,7504,452,True,True,71.0,3346,3346
2025-04-21,7509,448,True,True,171.0,3024,3024
2025-04-22,7516,447,True,True,72.0,3285,3285
2025-04-23,7520,446,True,True,83.0,3062,3062
2025-04-24,7524,445,True,True,173.0,2791,2791
2025-04-25,7530,444,True,True,171.0,2975,2975
2025-04-28,7536,441,True,True,59.0,3502,3502
2025-04-29,7541,440,True,True,59.0,3393,3393
2025-04-30,7548,439,True,True,76.0,3179,3179
2025-05-01,7553,438,True,True,167.0,2496,2496
2025-05-02,7559,437,True,True,164.0,2990,2990
2025-05-05,7566,434,True,True,163.0,2664,2664
2025-05-06,7572,433,True,True,161.0,2807,2807
2025-05-07,7577,432,True,True,69.0,3199,3199
2025-05-08,7583,431,True,True,49.0,3526,3526
2025-05-09,7589,430,True,True,67.0,3210,3210
2025-05-12,7593,427,True,True,52.0,3285,3285
2025-05-13,7600,426,True,True,155.0,2283,2283
2025-05-14,7606,425,True,True,155.0,2066,2066
2025-05-15,7612,424,True,True,155.0,1814,1814
2025-05-16,7618,423,True,True,154.0,1664,1664
2025-05-19,7625,420,True,True,154.0,1613,1613
2025-05-20,7630,419,True,True,160.0,1208,1208
2025-05-21,7638,418,True,True,159.0,1258,1258
2025-05-22,7644,417,True,True,154.0,1532,1532
2025-05-23,7649,416,True,True,154.0,1398,1398
2025-05-26,7655,413,True,True,154.0,1298,1298
2025-05-27,7659,412,True,True,153.0,1271,1271
2025-05-28,7666,411,True,True,149.0,1393,1393
2025-05-29,7673,410,True,True,140.0,1850,1850
2025-05-30,7676,409,True,True,139.0,1850,1850
2025-06-02,7681,406,True,True,136.0,1940,1940
2025-06-03,7688,405,True,True,135.0,1974,1974
2025-06-04,7691,404,True,True,134.0,1832,1832
2025-06-05,7695,403,True,True,133.0,1836,1836
2025-06-06,7700,402,True,True,131.0,2198,2198
2025-06-09,7704,399,True,True,129.0,2014,2014
2025-06-10,7709,398,True,True,128.0,2030,2030
2025-06-11,7713,397,True,True,128.0,1709,1709
2025-06-12,7718,396,True,True,127.0,1649,1649
2025-06-13,7723,395,True,True,133.0,1481,1481
2025-06-16,7730,392,True,True,122.0,2056,2056
2025-06-17,7738,391,True,True,122.0,1796,1796
2025-06-18,7743,390,True,True,119.0,2257,2257
2025-06-19,7748,389,True,True,118.0,2381,2381
2025-06-20,7752,388,True,True,117.0,2230,2230
2025-06-23,7756,385,True,True,115.0,2049,2049
2025-06-24,7763,384,True,True,115.0,1638,1638
2025-06-25,7770,383,True,True,124.0,1229,1229
2025-06-26,7776,382,True,True,124.0,1121,1121
2025-06-27,7783,381,True,True,125.0,967,967
2025-06-30,7789,378,True,True,133.0,813,813
2025-07-01,7794,377,True,True,132.0,809,809
2025-07-02,7799,376,True,True,131.0,928,928
2025-07-03,7805,375,True,True,130.0,846,846
2025-07-04,7809,374,True,True,129.0,770,770
2025-07-07,7813,371,True,True,115.0,963,963
2025-07-08,7821,370,True,True,111.0,1207,1207
2025-07-09,7828,369,True,True,110.0,1307,1307
2025-07-10,7834,368,True,True,111.0,1058,1058
2025-07-11,7840,367,True,True,110.0,1048,1048
2025-07-14,7846,364,True,True,106.0,1091,1091
2025-07-15,7848,363,True,True,118.0,848,848
2025-07-16,7855,362,True,True,117.0,767,767
2025-07-17,7861,361,True,True,116.0,914,914
2025-07-18,7866,360,True,True,115.0,844,844
2025-07-21,7871,357,True,True,112.0,732,732
2025-07-22,7878,356,True,True,111.0,605,605
2025-07-23,7885,355,True,True,110.0,805,805
2025-07-24,7890,354,True,True,109.0,831,831
2025-07-25,7896,353,True,True,97.0,993,993
2025-07-28,7902,350,True,True,92.0,1169,1169
2025-07-29,7904,349,True,True,90.0,1260,1260
2025-07-30,7908,348,True,True,86.0,1386,1386
2025-07-31,7914,347,True,True,89.0,1189,1189
2025-08-01,7920,346,True,True,80.0,1625,1625
2025-08-04,7923,343,True,True,73.0,1885,1885
2025-08-05,7928,342,True,True,73.0,1695,1695
2025-08-06,7934,341,True,True,71.0,1844,1844
2025-08-07,7942,340,True,True,77.0,1555,1555
2025-08-08,7948,339,True,True,80.0,1218,1218
2025-08-11,7952,336,True,True,91.0,892,892
2025-08-12,7960,335,True,True,77.0,1148,1148
2025-08-13,7964,334,True,True,78.0,969,969
2025-08-14,7969,333,True,True,88.0,880,880
2025-08-15,7974,332,True,True,76.0,1026,1026
2025-08-18,7979,329,True,True,72.0,1035,1035
2025-08-19,7985,328,True,True,69.0,1224,1224
2025-08-20,7990,327,True,True,68.0,1289,1289
2025-08-21,7995,326,True,True,70.0,1022,1022
2025-08-22,8000,325,True,True,63.0,1435,1435
2025-08-25,8005,322,True,True,63.0,1287,1287
2025-08-26,8007,321,True,True,59.0,1382,1382
2025-08-27,8013,320,True,True,58.0,1396,1396
2025-08-28,8019,319,True,True,57.0,1389,1389
2025-08-29,8023,318,True,True,59.0,1299,1299
2025-09-01,8030,315,True,True,46.0,1660,1660
2025-09-02,8035,314,True,True,45.0,1659,1659
2025-09-03,8039,313,True,True,44.0,1740,1740
2025-09-04,8047,312,True,True,43.0,1663,1663
2025-09-05,8056,311,True,True,45.0,1569,1569
2025-09-08,8062,308,True,True,42.0,1600,1600
2025-09-09,8069,307,True,True,41.0,1567,1567
2025-09-10,8077,306,True,True,40.0,1561,1561
2025-09-11,8082,305,True,True,43.0,1372,1372
2025-09-12,8089,304,True,True,42.0,1352,1352
2025-09-15,8094,301,True,True,42.0,1308,1308
2025-09-16,8100,300,True,True,42.0,1189,1189
2025-09-17,8104,299,True,True,40.0,1224,1224
2025-09-18,8109,298,True,True,36.0,1316,1316
2025-09-19,8116,297,True,True,35.0,1429,1429
2025-09-22,8121,294,True,True,35.0,1313,1313
2025-09-23,8126,293,True,True,35.0,1191,1191
2025-09-24,8132,292,True,True,30.0,1339,1339
2025-09-25,8136,291,True,True,29.0,1315,1315
2025-09-26,8141,290,True,True,31.0,1289,1289
2025-09-29,8147,287,True,True,29.0,1168,1168
2025-09-30,8156,286,True,True,27.0,1307,1307
2025-10-01,8161,285,True,True,26.0,1302,1302
2025-10-02,8169,284,True,True,26.0,1114,1114
2025-10-03,8172,283,True,True,27.0,986,986
2025-10-06,8177,280,True,True,22.0,1147,1147
2025-10-07,8181,279,True,True,34.0,893,893
2025-10-08,8184,278,True,True,33.0,781,781
2025-10-09,8191,277,True,True,32.0,460,460
2025-10-10,8198,276,True,True,31.0,616,616
2025-10-13,8202,273,True,True,28.0,725,725
2025-10-14,8207,272,True,True,27.0,474,474
2025-10-15,8213,271,True,True,99.0,237,237
2025-10-16,8220,270,False,True,,0,0
2025-10-17,8223,269,False,True,,0,0
2025-10-20,8230,266,False,True,,0,0
2025-10-21,8234,265,False,True,,0,0
2025-10-22,8238,264,False,True,,0,0
2025-10-23,8245,263,False,True,,0,0
2025-10-24,8250,262,False,True,,0,0
2025-10-27,8255,259,False,True,,0,0
2025-10-28,8262,258,False,True,,0,0
2025-10-29,8268,257,False,True,,0,0
2025-10-30,8277,256,False,True,,0,0
2025-10-31,8279,255,False,True,,0,0
2025-11-03,8285,252,False,True,,0,0
2025-11-04,8290,251,False,True,,0,0
2025-11-05,8293,250,False,True,,0,0
2025-11-06,8297,249,False,True,,0,0
2025-11-07,8303,248,False,True,,0,0
2025-11-10,8309,245,False,True,,0,0
2025-11-11,8315,244,False,True,,0,0
2025-11-12,8325,243,False,True,,0,0
2025-11-13,8331,242,False,True,,0,0
2025-11-14,8336,241,False,True,,0,0
2025-11-17,8339,238,False,True,,0,0
2025-11-18,8346,237,False,True,,0,0
2025-11-19,8352,236,False,True,,0,0
2025-11-20,8359,235,False,True,,0,0
2025-11-21,8364,234,False,True,,0,0
2025-11-24,8374,231,False,True,,0,0
2025-11-25,8377,230,False,True,,0,0
2025-11-26,8383,229,False,True,,0,0
2025-11-27,8388,228,False,True,,0,0
2025-11-28,8393,227,False,True,,0,0
2025-12-01,8396,224,False,True,,0,0
2025-12-02,8404,223,False,True,,0,0
2025-12-03,8412,222,False,True,,0,0
2025-12-04,8415,221,False,True,,0,0
2025-12-05,8423,220,False,True,,0,0
2025-12-08,8428,217,False,True,,0,0
2025-12-09,8437,216,False,True,,0,0
2025-12-10,8444,215,False,True,,0,0
2025-12-11,8448,214,False,True,,0,0
2025-12-12,8452,213,False,True,,0,0
2025-12-15,8457,210,False,True,,0,0
2025-12-16,8462,209,False,True,,0,0
2025-12-17,8468,208,False,True,,0,0
2025-12-18,8477,207,False,True,,0,0
2025-12-19,8482,206,False,True,,0,0
2025-12-22,8487,203,False,True,,0,0
2025-12-23,8491,202,False,True,,0,0
2025-12-24,8496,201,False,True,,0,0
2025-12-26,8502,199,False,True,,0,0
2025-12-29,8506,196,False,True,,0,0
2025-12-30,8513,195,False,True,,0,0
2025-12-31,8516,194,False,True,,0,0
2026-01-02,8519,192,False,True,,0,0
2026-01-05,8524,189,False,True,,0,0
2026-01-06,8528,188,False,True,,0,0
2026-01-07,8535,187,False,True,,0,0
2026-01-08,8542,186,False,True,,0,0
2026-01-09,8547,185,False,True,,0,0
2026-01-12,8551,182,False,True,,0,0
2026-01-13,8559,181,False,True,,0,0
2026-01-14,8566,180,False,True,,0,0
2026-01-15,8574,179,False,True,,0,0
2026-01-16,8579,178,False,True,,0,0
2026-01-19,8584,175,False,True,,0,0
2026-01-20,8588,174,False,True,,0,0
2026-01-21,8592,173,False,True,,0,0
2026-01-22,8596,172,False,True,,0,0
2026-01-23,8600,171,False,True,,0,0
2026-01-26,8605,168,False,True,,0,0
2026-01-27,8610,167,False,True,,0,0
2026-01-28,8619,166,False,True,,0,0
2026-01-29,8625,165,False,True,,0,0
2026-01-30,8630,164,False,True,,0,0
2026-02-02,8636,161,False,True,,0,0
2026-02-03,8642,160,False,True,,0,0
2026-02-04,8647,159,False,True,,0,0
2026-02-05,8652,158,False,True,,0,0
2026-02-06,8657,157,False,True,,0,0
2026-02-09,8665,154,False,True,,0,0
2026-02-10,8670,153,False,True,,0,0
2026-02-11,8679,152,False,True,,0,0
2026-02-12,8686,151,False,True,,0,0
2026-02-13,8692,150,False,True,,0,0
2026-02-16,8698,147,False,True,,0,0
2026-02-17,8702,146,False,True,,0,0
2026-02-18,8707,145,False,True,,0,0
2026-02-19,8716,144,False,True,,0,0
2026-02-20,8722,143,False,True,,0,0
2026-02-23,8728,140,False,True,,0,0
2026-02-24,8732,139,False,True,,0,0
2026-02-25,8738,138,False,True,,0,0
2026-02-26,8746,137,False,True,,0,0
2026-02-27,8750,136,False,True,,0,0
2026-03-02,8757,133,False,True,,0,0
2026-03-03,8763,132,False,True,,0,0
2026-03-04,8768,131,False,True,,0,0
2026-03-05,8776,130,False,True,,0,0
2026-03-06,8783,129,False,True,,0,0
2026-03-09,8788,126,False,True,,0,0
2026-03-10,8793,125,False,True,,0,0
2026-03-11,8800,124,False,True,,0,0
2026-03-12,8808,123,False,True,,0,0
2026-03-13,8813,122,False,True,,0,0
2026-03-16,8817,119,False,True,,0,0
2026-03-17,8825,118,True,True,52.0,3620,3620
2026-03-18,8830,117,True,True,51.0,3671,3671
2026-03-19,8835,116,True,True,50.0,3761,3761
2026-03-20,8842,115,True,True,48.0,3995,3995
2026-03-23,8848,112,True,True,44.0,4554,4554
2026-03-24,8852,111,True,True,43.0,4854,4854
2026-03-25,8858,110,True,True,37.0,5129,5129
2026-03-26,8863,109,True,True,35.0,5381,5381
2026-03-27,8869,108,True,True,34.0,5706,5706
2026-03-30,8875,105,True,True,31.0,5924,5924
2026-03-31,8879,104,True,True,30.0,5811,5811
2026-04-01,8886,103,True,True,35.0,4813,4813
2026-04-02,8892,102,True,True,34.0,4322,4322
2026-04-03,8896,101,True,True,33.0,4333,4333
2026-04-06,8901,98,True,True,30.0,4599,4599
2026-04-07,8908,97,True,True,29.0,4579,4579
2026-04-08,8915,96,True,True,23.0,5088,5088
2026-04-09,8922,95,True,True,22.0,5195,5195
2026-04-10,8927,94,True,True,20.0,5452,5452
2026-04-13,8934,91,True,True,18.0,5253,5253
2026-04-14,8941,90,True,True,22.0,4828,4828
2026-04-15,8945,89,True,True,21.0,4491,4491
2026-04-16,8951,88,True,True,20.0,4413,4413
2026-04-17,8954,87,True,True,19.0,4444,4444
2026-04-20,8959,84,True,True,16.0,4570,4570
2026-04-21,8963,83,True,True,15.0,4474,4474
2026-04-22,8969,82,True,True,13.0,4892,4892
2026-04-23,8977,81,True,True,13.0,4558,4558
2026-04-24,8981,80,True,True,12.0,4583,4583
2026-04-27,8986,77,True,True,11.0,3778,3778
2026-04-28,8990,76,True,True,10.0,3637,3637
2026-04-29,8998,75,True,True,9.0,3710,3710
2026-04-30,9001,74,True,True,8.0,3672,3672
2026-05-01,9008,73,True,True,12.0,2809,2809
2026-05-04,9012,70,True,True,9.0,2604,2604
2026-05-05,9019,69,True,True,8.0,2927,2927
2026-05-06,9025,68,True,True,12.0,2301,2301
2026-05-07,9031,67,True,True,33.0,1606,1606
2026-05-08,9035,66,True,True,34.0,1443,1443
2026-05-11,9040,63,True,True,32.0,556,556
2026-05-12,9044,62,True,True,31.0,704,704
2026-05-13,9050,61,True,True,30.0,596,596
2026-05-14,9055,60,False,True,,0,0
2026-05-15,9062,59,True,True,28.0,216,216
2026-05-18,9065,56,True,True,25.0,474,474
2026-05-19,9070,55,False,True,,0,0
2026-05-20,9076,54,False,True,,0,0
2026-05-21,9080,53,False,True,,0,0
2026-05-22,9085,52,False,True,,0,0
2026-05-25,9088,49,True,True,21.0,148,148
2026-05-26,9091,48,True,True,17.0,296,296
2026-05-27,9094,47,True,True,16.0,319,319
2026-05-28,9101,46,False,True,,0,0
2026-05-29,9107,45,False,True,,0,0
2026-06-01,9113,42,False,True,,0,0
2026-06-02,9118,41,False,True,,0,0
2026-06-03,9123,40,True,True,12.0,0,0
2026-06-04,9126,39,True,True,8.0,450,450
2026-06-05,9133,38,True,True,7.0,522,522
2026-06-08,9136,35,True,True,4.0,1110,1110
2026-06-09,9143,34,True,True,3.0,153,153
2026-06-10,9148,33,False,True,,0,0
2026-06-11,9153,32,False,True,,0,0
2026-06-12,9161,31,False,True,,0,0
2026-06-15,9165,28,False,True,,0,0
2026-06-16,9171,27,False,True,,0,0
2026-06-17,9179,26,False,True,,0,0
2026-06-18,9189,25,False,False,,0,583
2026-06-19,9193,24,False,False,,0,726
2026-06-22,9200,21,False,False,,0,850
2026-06-23,9207,20,False,False,,0,202
2026-06-24,9211,19,False,False,,0,813
2026-06-25,9216,18,False,False,,0,1315
2026-06-26,9223,17,False,False,,0,1338
2026-06-29,9231,14,False,False,,0,1469
2026-06-30,9241,13,False,False,,0,1058
2026-07-01,9249,12,False,False,,0,532
2026-07-02,9255,11,False,False,,0,1317
2026-07-03,9260,10,False,False,,0,1260
2026-07-06,9266,7,False,False,,0,1197
2026-07-07,9272,6,False,False,,0,847
2026-07-08,9278,5,False,False,,0,699
2026-07-09,9284,4,False,False,,0,447
2026-07-10,9290,3,False,False,,0,-228
2026-07-13,9295,0,False,False,,0,-259
