evaluation,evaluation_kind,start,end,k,copies,offers,requested_copies,filled_copies,fill_rate,offer_coverage,full_copy_coverage,contract_hours,initial_stop_risk,raw_net_completed,max_concurrent_contracts,raw_peak_overlap,mechanical_full_capacity
train_2020_2022,holdout,2020-01-01,2023-01-01 00:00:00,1,1,5726,5726,4228,0.73838631,0.73838631,0.73838631,6795.01694444,275736.00000000,2937.60000000,1,5,False
train_2020_2022,holdout,2020-01-01,2023-01-01 00:00:00,1,2,5726,11452,4228,0.36919315,0.73838631,0.00000000,6795.01694444,275736.00000000,2937.60000000,1,5,False
train_2020_2022,holdout,2020-01-01,2023-01-01 00:00:00,1,3,5726,17178,4228,0.24612877,0.73838631,0.00000000,6795.01694444,275736.00000000,2937.60000000,1,5,False
train_2020_2022,holdout,2020-01-01,2023-01-01 00:00:00,1,4,5726,22904,4228,0.18459658,0.73838631,0.00000000,6795.01694444,275736.00000000,2937.60000000,1,5,False
train_2020_2022,holdout,2020-01-01,2023-01-01 00:00:00,1,5,5726,28630,4228,0.14767726,0.73838631,0.00000000,6795.01694444,275736.00000000,2937.60000000,1,5,False
train_2020_2022,holdout,2020-01-01,2023-01-01 00:00:00,1,6,5726,34356,4228,0.12306438,0.73838631,0.00000000,6795.01694444,275736.00000000,2937.60000000,1,5,False
train_2020_2022,holdout,2020-01-01,2023-01-01 00:00:00,1,7,5726,40082,4228,0.10548376,0.73838631,0.00000000,6795.01694444,275736.00000000,2937.60000000,1,5,False
train_2020_2022,holdout,2020-01-01,2023-01-01 00:00:00,1,8,5726,45808,4228,0.09229829,0.73838631,0.00000000,6795.01694444,275736.00000000,2937.60000000,1,5,False
train_2020_2022,holdout,2020-01-01,2023-01-01 00:00:00,2,1,5726,5726,5479,0.95686343,0.95686343,0.95686343,8456.00583333,341701.00000000,8844.05000000,2,5,False
train_2020_2022,holdout,2020-01-01,2023-01-01 00:00:00,2,2,5726,11452,8456,0.73838631,0.73838631,0.73838631,13590.03388889,551472.00000000,5875.20000000,2,5,False
train_2020_2022,holdout,2020-01-01,2023-01-01 00:00:00,2,3,5726,17178,8456,0.49225754,0.73838631,0.00000000,13590.03388889,551472.00000000,5875.20000000,2,5,False
train_2020_2022,holdout,2020-01-01,2023-01-01 00:00:00,2,4,5726,22904,8456,0.36919315,0.73838631,0.00000000,13590.03388889,551472.00000000,5875.20000000,2,5,False
train_2020_2022,holdout,2020-01-01,2023-01-01 00:00:00,2,5,5726,28630,8456,0.29535452,0.73838631,0.00000000,13590.03388889,551472.00000000,5875.20000000,2,5,False
train_2020_2022,holdout,2020-01-01,2023-01-01 00:00:00,2,6,5726,34356,8456,0.24612877,0.73838631,0.00000000,13590.03388889,551472.00000000,5875.20000000,2,5,False
train_2020_2022,holdout,2020-01-01,2023-01-01 00:00:00,2,7,5726,40082,8456,0.21096752,0.73838631,0.00000000,13590.03388889,551472.00000000,5875.20000000,2,5,False
train_2020_2022,holdout,2020-01-01,2023-01-01 00:00:00,2,8,5726,45808,8456,0.18459658,0.73838631,0.00000000,13590.03388889,551472.00000000,5875.20000000,2,5,False
train_2020_2022,holdout,2020-01-01,2023-01-01 00:00:00,3,1,5726,5726,5700,0.99545931,0.99545931,0.99545931,8673.45583333,352188.00000000,9344.00000000,3,5,False
train_2020_2022,holdout,2020-01-01,2023-01-01 00:00:00,3,2,5726,11452,9707,0.84762487,0.95686343,0.73838631,15251.02277778,617437.00000000,11781.65000000,3,5,False
train_2020_2022,holdout,2020-01-01,2023-01-01 00:00:00,3,3,5726,17178,12684,0.73838631,0.73838631,0.73838631,20385.05083333,827208.00000000,8812.80000000,3,5,False
train_2020_2022,holdout,2020-01-01,2023-01-01 00:00:00,3,4,5726,22904,12684,0.55378973,0.73838631,0.00000000,20385.05083333,827208.00000000,8812.80000000,3,5,False
train_2020_2022,holdout,2020-01-01,2023-01-01 00:00:00,3,5,5726,28630,12684,0.44303178,0.73838631,0.00000000,20385.05083333,827208.00000000,8812.80000000,3,5,False
train_2020_2022,holdout,2020-01-01,2023-01-01 00:00:00,3,6,5726,34356,12684,0.36919315,0.73838631,0.00000000,20385.05083333,827208.00000000,8812.80000000,3,5,False
train_2020_2022,holdout,2020-01-01,2023-01-01 00:00:00,3,7,5726,40082,12684,0.31645127,0.73838631,0.00000000,20385.05083333,827208.00000000,8812.80000000,3,5,False
train_2020_2022,holdout,2020-01-01,2023-01-01 00:00:00,3,8,5726,45808,12684,0.27689487,0.73838631,0.00000000,20385.05083333,827208.00000000,8812.80000000,3,5,False
train_2020_2022,holdout,2020-01-01,2023-01-01 00:00:00,4,1,5726,5726,5725,0.99982536,0.99982536,0.99982536,8687.91694444,353513.50000000,8566.25000000,4,5,False
train_2020_2022,holdout,2020-01-01,2023-01-01 00:00:00,4,2,5726,11452,10958,0.95686343,0.95686343,0.95686343,16912.01166667,683402.00000000,17688.10000000,4,5,False
train_2020_2022,holdout,2020-01-01,2023-01-01 00:00:00,4,3,5726,17178,13935,0.81121202,0.95686343,0.73838631,22046.03972222,893173.00000000,14719.25000000,4,5,False
train_2020_2022,holdout,2020-01-01,2023-01-01 00:00:00,4,4,5726,22904,16912,0.73838631,0.73838631,0.73838631,27180.06777778,1102944.00000000,11750.40000000,4,5,False
train_2020_2022,holdout,2020-01-01,2023-01-01 00:00:00,4,5,5726,28630,16912,0.59070905,0.73838631,0.00000000,27180.06777778,1102944.00000000,11750.40000000,4,5,False
train_2020_2022,holdout,2020-01-01,2023-01-01 00:00:00,4,6,5726,34356,16912,0.49225754,0.73838631,0.00000000,27180.06777778,1102944.00000000,11750.40000000,4,5,False
train_2020_2022,holdout,2020-01-01,2023-01-01 00:00:00,4,7,5726,40082,16912,0.42193503,0.73838631,0.00000000,27180.06777778,1102944.00000000,11750.40000000,4,5,False
train_2020_2022,holdout,2020-01-01,2023-01-01 00:00:00,4,8,5726,45808,16912,0.36919315,0.73838631,0.00000000,27180.06777778,1102944.00000000,11750.40000000,4,5,False
train_2020_2022,holdout,2020-01-01,2023-01-01 00:00:00,5,1,5726,5726,5726,1.00000000,1.00000000,1.00000000,8688.48916667,353556.50000000,8622.70000000,5,5,True
train_2020_2022,holdout,2020-01-01,2023-01-01 00:00:00,5,2,5726,11452,11179,0.97616137,0.99545931,0.95686343,17129.46166667,693889.00000000,18188.05000000,5,5,False
train_2020_2022,holdout,2020-01-01,2023-01-01 00:00:00,5,3,5726,17178,15186,0.88403772,0.95686343,0.73838631,23707.02861111,959138.00000000,20625.70000000,5,5,False
train_2020_2022,holdout,2020-01-01,2023-01-01 00:00:00,5,4,5726,22904,18163,0.79300559,0.95686343,0.73838631,28841.05666667,1168909.00000000,17656.85000000,5,5,False
train_2020_2022,holdout,2020-01-01,2023-01-01 00:00:00,5,5,5726,28630,21140,0.73838631,0.73838631,0.73838631,33975.08472222,1378680.00000000,14688.00000000,5,5,False
train_2020_2022,holdout,2020-01-01,2023-01-01 00:00:00,5,6,5726,34356,21140,0.61532192,0.73838631,0.00000000,33975.08472222,1378680.00000000,14688.00000000,5,5,False
train_2020_2022,holdout,2020-01-01,2023-01-01 00:00:00,5,7,5726,40082,21140,0.52741879,0.73838631,0.00000000,33975.08472222,1378680.00000000,14688.00000000,5,5,False
train_2020_2022,holdout,2020-01-01,2023-01-01 00:00:00,5,8,5726,45808,21140,0.46149144,0.73838631,0.00000000,33975.08472222,1378680.00000000,14688.00000000,5,5,False
train_2020_2022,holdout,2020-01-01,2023-01-01 00:00:00,6,1,5726,5726,5726,1.00000000,1.00000000,1.00000000,8688.48916667,353556.50000000,8622.70000000,5,5,True
train_2020_2022,holdout,2020-01-01,2023-01-01 00:00:00,6,2,5726,11452,11400,0.99545931,0.99545931,0.99545931,17346.91166667,704376.00000000,18688.00000000,6,5,False
train_2020_2022,holdout,2020-01-01,2023-01-01 00:00:00,6,3,5726,17178,16437,0.95686343,0.95686343,0.95686343,25368.01750000,1025103.00000000,26532.15000000,6,5,False
train_2020_2022,holdout,2020-01-01,2023-01-01 00:00:00,6,4,5726,22904,19414,0.84762487,0.95686343,0.73838631,30502.04555556,1234874.00000000,23563.30000000,6,5,False
train_2020_2022,holdout,2020-01-01,2023-01-01 00:00:00,6,5,5726,28630,22391,0.78208173,0.95686343,0.73838631,35636.07361111,1444645.00000000,20594.45000000,6,5,False
train_2020_2022,holdout,2020-01-01,2023-01-01 00:00:00,6,6,5726,34356,25368,0.73838631,0.73838631,0.73838631,40770.10166667,1654416.00000000,17625.60000000,6,5,False
train_2020_2022,holdout,2020-01-01,2023-01-01 00:00:00,6,7,5726,40082,25368,0.63290255,0.73838631,0.00000000,40770.10166667,1654416.00000000,17625.60000000,6,5,False
train_2020_2022,holdout,2020-01-01,2023-01-01 00:00:00,6,8,5726,45808,25368,0.55378973,0.73838631,0.00000000,40770.10166667,1654416.00000000,17625.60000000,6,5,False
train_2020_2022,holdout,2020-01-01,2023-01-01 00:00:00,8,1,5726,5726,5726,1.00000000,1.00000000,1.00000000,8688.48916667,353556.50000000,8622.70000000,5,5,True
train_2020_2022,holdout,2020-01-01,2023-01-01 00:00:00,8,2,5726,11452,11450,0.99982536,0.99982536,0.99982536,17375.83388889,707027.00000000,17132.50000000,8,5,False
train_2020_2022,holdout,2020-01-01,2023-01-01 00:00:00,8,3,5726,17178,16879,0.98259402,0.99545931,0.95686343,25802.91750000,1046077.00000000,27532.05000000,8,5,False
train_2020_2022,holdout,2020-01-01,2023-01-01 00:00:00,8,4,5726,22904,21916,0.95686343,0.95686343,0.95686343,33824.02333333,1366804.00000000,35376.20000000,8,5,False
train_2020_2022,holdout,2020-01-01,2023-01-01 00:00:00,8,5,5726,28630,24893,0.86947258,0.95686343,0.73838631,38958.05138889,1576575.00000000,32407.35000000,8,5,False
train_2020_2022,holdout,2020-01-01,2023-01-01 00:00:00,8,6,5726,34356,27870,0.81121202,0.95686343,0.73838631,44092.07944444,1786346.00000000,29438.50000000,8,5,False
train_2020_2022,holdout,2020-01-01,2023-01-01 00:00:00,8,7,5726,40082,30847,0.76959733,0.95686343,0.73838631,49226.10750000,1996117.00000000,26469.65000000,8,5,False
train_2020_2022,holdout,2020-01-01,2023-01-01 00:00:00,8,8,5726,45808,33824,0.73838631,0.73838631,0.73838631,54360.13555556,2205888.00000000,23500.80000000,8,5,False
train_2020_2022,holdout,2020-01-01,2023-01-01 00:00:00,10,1,5726,5726,5726,1.00000000,1.00000000,1.00000000,8688.48916667,353556.50000000,8622.70000000,5,5,True
train_2020_2022,holdout,2020-01-01,2023-01-01 00:00:00,10,2,5726,11452,11452,1.00000000,1.00000000,1.00000000,17376.97833333,707113.00000000,17245.40000000,10,5,True
train_2020_2022,holdout,2020-01-01,2023-01-01 00:00:00,10,3,5726,17178,17125,0.99691466,0.99982536,0.99545931,26034.82861111,1057889.50000000,27254.25000000,10,5,False
train_2020_2022,holdout,2020-01-01,2023-01-01 00:00:00,10,4,5726,22904,22358,0.97616137,0.99545931,0.95686343,34258.92333333,1387778.00000000,36376.10000000,10,5,False
train_2020_2022,holdout,2020-01-01,2023-01-01 00:00:00,10,5,5726,28630,27395,0.95686343,0.95686343,0.95686343,42280.02916667,1708505.00000000,44220.25000000,10,5,False
train_2020_2022,holdout,2020-01-01,2023-01-01 00:00:00,10,6,5726,34356,30372,0.88403772,0.95686343,0.73838631,47414.05722222,1918276.00000000,41251.40000000,10,5,False
train_2020_2022,holdout,2020-01-01,2023-01-01 00:00:00,10,7,5726,40082,33349,0.83201936,0.95686343,0.73838631,52548.08527778,2128047.00000000,38282.55000000,10,5,False
train_2020_2022,holdout,2020-01-01,2023-01-01 00:00:00,10,8,5726,45808,36326,0.79300559,0.95686343,0.73838631,57682.11333333,2337818.00000000,35313.70000000,10,5,False
train_2020_2022,holdout,2020-01-01,2023-01-01 00:00:00,12,1,5726,5726,5726,1.00000000,1.00000000,1.00000000,8688.48916667,353556.50000000,8622.70000000,5,5,True
train_2020_2022,holdout,2020-01-01,2023-01-01 00:00:00,12,2,5726,11452,11452,1.00000000,1.00000000,1.00000000,17376.97833333,707113.00000000,17245.40000000,10,5,True
train_2020_2022,holdout,2020-01-01,2023-01-01 00:00:00,12,3,5726,17178,17175,0.99982536,0.99982536,0.99982536,26063.75083333,1060540.50000000,25698.75000000,12,5,False
train_2020_2022,holdout,2020-01-01,2023-01-01 00:00:00,12,4,5726,22904,22800,0.99545931,0.99545931,0.99545931,34693.82333333,1408752.00000000,37376.00000000,12,5,False
train_2020_2022,holdout,2020-01-01,2023-01-01 00:00:00,12,5,5726,28630,27837,0.97230178,0.99545931,0.95686343,42714.92916667,1729479.00000000,45220.15000000,12,5,False
train_2020_2022,holdout,2020-01-01,2023-01-01 00:00:00,12,6,5726,34356,32874,0.95686343,0.95686343,0.95686343,50736.03500000,2050206.00000000,53064.30000000,12,5,False
train_2020_2022,holdout,2020-01-01,2023-01-01 00:00:00,12,7,5726,40082,35851,0.89444140,0.95686343,0.73838631,55870.06305556,2259977.00000000,50095.45000000,12,5,False
train_2020_2022,holdout,2020-01-01,2023-01-01 00:00:00,12,8,5726,45808,38828,0.84762487,0.95686343,0.73838631,61004.09111111,2469748.00000000,47126.60000000,12,5,False
train_2020_2022,holdout,2020-01-01,2023-01-01 00:00:00,15,1,5726,5726,5726,1.00000000,1.00000000,1.00000000,8688.48916667,353556.50000000,8622.70000000,5,5,True
train_2020_2022,holdout,2020-01-01,2023-01-01 00:00:00,15,2,5726,11452,11452,1.00000000,1.00000000,1.00000000,17376.97833333,707113.00000000,17245.40000000,10,5,True
train_2020_2022,holdout,2020-01-01,2023-01-01 00:00:00,15,3,5726,17178,17178,1.00000000,1.00000000,1.00000000,26065.46750000,1060669.50000000,25868.10000000,15,5,True
train_2020_2022,holdout,2020-01-01,2023-01-01 00:00:00,15,4,5726,22904,22875,0.99873385,0.99982536,0.99545931,34737.20666667,1412728.50000000,35042.75000000,15,5,False
train_2020_2022,holdout,2020-01-01,2023-01-01 00:00:00,15,5,5726,28630,28500,0.99545931,0.99545931,0.99545931,43367.27916667,1760940.00000000,46720.00000000,15,5,False
train_2020_2022,holdout,2020-01-01,2023-01-01 00:00:00,15,6,5726,34356,33537,0.97616137,0.99545931,0.95686343,51388.38500000,2081667.00000000,54564.15000000,15,5,False
train_2020_2022,holdout,2020-01-01,2023-01-01 00:00:00,15,7,5726,40082,38574,0.96237713,0.99545931,0.95686343,59409.49083333,2402394.00000000,62408.30000000,15,5,False
train_2020_2022,holdout,2020-01-01,2023-01-01 00:00:00,15,8,5726,45808,42581,0.92955379,0.95686343,0.73838631,65987.05777778,2667643.00000000,64845.95000000,15,5,False
train_2020_2022,holdout,2020-01-01,2023-01-01 00:00:00,20,1,5726,5726,5726,1.00000000,1.00000000,1.00000000,8688.48916667,353556.50000000,8622.70000000,5,5,True
train_2020_2022,holdout,2020-01-01,2023-01-01 00:00:00,20,2,5726,11452,11452,1.00000000,1.00000000,1.00000000,17376.97833333,707113.00000000,17245.40000000,10,5,True
train_2020_2022,holdout,2020-01-01,2023-01-01 00:00:00,20,3,5726,17178,17178,1.00000000,1.00000000,1.00000000,26065.46750000,1060669.50000000,25868.10000000,15,5,True
train_2020_2022,holdout,2020-01-01,2023-01-01 00:00:00,20,4,5726,22904,22904,1.00000000,1.00000000,1.00000000,34753.95666667,1414226.00000000,34490.80000000,20,5,True
train_2020_2022,holdout,2020-01-01,2023-01-01 00:00:00,20,5,5726,28630,28625,0.99982536,0.99982536,0.99982536,43439.58472222,1767567.50000000,42831.25000000,20,5,False
train_2020_2022,holdout,2020-01-01,2023-01-01 00:00:00,20,6,5726,34356,34250,0.99691466,0.99982536,0.99545931,52069.65722222,2115779.00000000,54508.50000000,20,5,False
train_2020_2022,holdout,2020-01-01,2023-01-01 00:00:00,20,7,5726,40082,39679,0.98994561,0.99545931,0.95686343,60496.74083333,2454829.00000000,64908.05000000,20,5,False
train_2020_2022,holdout,2020-01-01,2023-01-01 00:00:00,20,8,5726,45808,44716,0.97616137,0.99545931,0.95686343,68517.84666667,2775556.00000000,72752.20000000,20,5,False
train_2020_2022,holdout,2020-01-01,2023-01-01 00:00:00,24,1,5726,5726,5726,1.00000000,1.00000000,1.00000000,8688.48916667,353556.50000000,8622.70000000,5,5,True
train_2020_2022,holdout,2020-01-01,2023-01-01 00:00:00,24,2,5726,11452,11452,1.00000000,1.00000000,1.00000000,17376.97833333,707113.00000000,17245.40000000,10,5,True
train_2020_2022,holdout,2020-01-01,2023-01-01 00:00:00,24,3,5726,17178,17178,1.00000000,1.00000000,1.00000000,26065.46750000,1060669.50000000,25868.10000000,15,5,True
train_2020_2022,holdout,2020-01-01,2023-01-01 00:00:00,24,4,5726,22904,22904,1.00000000,1.00000000,1.00000000,34753.95666667,1414226.00000000,34490.80000000,20,5,True
train_2020_2022,holdout,2020-01-01,2023-01-01 00:00:00,24,5,5726,28630,28629,0.99996507,1.00000000,0.99982536,43441.87361111,1767739.50000000,43057.05000000,24,5,False
train_2020_2022,holdout,2020-01-01,2023-01-01 00:00:00,24,6,5726,34356,34350,0.99982536,0.99982536,0.99982536,52127.50166667,2121081.00000000,51397.50000000,24,5,False
train_2020_2022,holdout,2020-01-01,2023-01-01 00:00:00,24,7,5726,40082,39975,0.99733047,0.99982536,0.99545931,60757.57416667,2469292.50000000,63074.75000000,24,5,False
train_2020_2022,holdout,2020-01-01,2023-01-01 00:00:00,24,8,5726,45808,45600,0.99545931,0.99545931,0.99545931,69387.64666667,2817504.00000000,74752.00000000,24,5,False
train_2020_2022,holdout,2020-01-01,2023-01-01 00:00:00,25,1,5726,5726,5726,1.00000000,1.00000000,1.00000000,8688.48916667,353556.50000000,8622.70000000,5,5,True
train_2020_2022,holdout,2020-01-01,2023-01-01 00:00:00,25,2,5726,11452,11452,1.00000000,1.00000000,1.00000000,17376.97833333,707113.00000000,17245.40000000,10,5,True
train_2020_2022,holdout,2020-01-01,2023-01-01 00:00:00,25,3,5726,17178,17178,1.00000000,1.00000000,1.00000000,26065.46750000,1060669.50000000,25868.10000000,15,5,True
train_2020_2022,holdout,2020-01-01,2023-01-01 00:00:00,25,4,5726,22904,22904,1.00000000,1.00000000,1.00000000,34753.95666667,1414226.00000000,34490.80000000,20,5,True
train_2020_2022,holdout,2020-01-01,2023-01-01 00:00:00,25,5,5726,28630,28630,1.00000000,1.00000000,1.00000000,43442.44583333,1767782.50000000,43113.50000000,25,5,True
train_2020_2022,holdout,2020-01-01,2023-01-01 00:00:00,25,6,5726,34356,34351,0.99985447,1.00000000,0.99982536,52128.07388889,2121124.00000000,51453.95000000,25,5,False
train_2020_2022,holdout,2020-01-01,2023-01-01 00:00:00,25,7,5726,40082,40000,0.99795419,0.99982536,0.99545931,60772.03527778,2470618.00000000,62297.00000000,25,5,False
train_2020_2022,holdout,2020-01-01,2023-01-01 00:00:00,25,8,5726,45808,45625,0.99600506,0.99982536,0.99545931,69402.10777778,2818829.50000000,73974.25000000,25,5,False
train_2020_2022,holdout,2020-01-01,2023-01-01 00:00:00,30,1,5726,5726,5726,1.00000000,1.00000000,1.00000000,8688.48916667,353556.50000000,8622.70000000,5,5,True
train_2020_2022,holdout,2020-01-01,2023-01-01 00:00:00,30,2,5726,11452,11452,1.00000000,1.00000000,1.00000000,17376.97833333,707113.00000000,17245.40000000,10,5,True
train_2020_2022,holdout,2020-01-01,2023-01-01 00:00:00,30,3,5726,17178,17178,1.00000000,1.00000000,1.00000000,26065.46750000,1060669.50000000,25868.10000000,15,5,True
train_2020_2022,holdout,2020-01-01,2023-01-01 00:00:00,30,4,5726,22904,22904,1.00000000,1.00000000,1.00000000,34753.95666667,1414226.00000000,34490.80000000,20,5,True
train_2020_2022,holdout,2020-01-01,2023-01-01 00:00:00,30,5,5726,28630,28630,1.00000000,1.00000000,1.00000000,43442.44583333,1767782.50000000,43113.50000000,25,5,True
train_2020_2022,holdout,2020-01-01,2023-01-01 00:00:00,30,6,5726,34356,34356,1.00000000,1.00000000,1.00000000,52130.93500000,2121339.00000000,51736.20000000,30,5,True
train_2020_2022,holdout,2020-01-01,2023-01-01 00:00:00,30,7,5726,40082,40077,0.99987526,1.00000000,0.99982536,60816.56305556,2474680.50000000,60076.65000000,30,5,False
train_2020_2022,holdout,2020-01-01,2023-01-01 00:00:00,30,8,5726,45808,45750,0.99873385,0.99982536,0.99545931,69474.41333333,2825457.00000000,70085.50000000,30,5,False
train_2020_2022,holdout,2020-01-01,2023-01-01 00:00:00,32,1,5726,5726,5726,1.00000000,1.00000000,1.00000000,8688.48916667,353556.50000000,8622.70000000,5,5,True
train_2020_2022,holdout,2020-01-01,2023-01-01 00:00:00,32,2,5726,11452,11452,1.00000000,1.00000000,1.00000000,17376.97833333,707113.00000000,17245.40000000,10,5,True
train_2020_2022,holdout,2020-01-01,2023-01-01 00:00:00,32,3,5726,17178,17178,1.00000000,1.00000000,1.00000000,26065.46750000,1060669.50000000,25868.10000000,15,5,True
train_2020_2022,holdout,2020-01-01,2023-01-01 00:00:00,32,4,5726,22904,22904,1.00000000,1.00000000,1.00000000,34753.95666667,1414226.00000000,34490.80000000,20,5,True
train_2020_2022,holdout,2020-01-01,2023-01-01 00:00:00,32,5,5726,28630,28630,1.00000000,1.00000000,1.00000000,43442.44583333,1767782.50000000,43113.50000000,25,5,True
train_2020_2022,holdout,2020-01-01,2023-01-01 00:00:00,32,6,5726,34356,34356,1.00000000,1.00000000,1.00000000,52130.93500000,2121339.00000000,51736.20000000,30,5,True
train_2020_2022,holdout,2020-01-01,2023-01-01 00:00:00,32,7,5726,40082,40079,0.99992515,1.00000000,0.99982536,60817.70750000,2474766.50000000,60189.55000000,32,5,False
train_2020_2022,holdout,2020-01-01,2023-01-01 00:00:00,32,8,5726,45808,45800,0.99982536,0.99982536,0.99982536,69503.33555556,2828108.00000000,68530.00000000,32,5,False
train_2020_2022,holdout,2020-01-01,2023-01-01 00:00:00,35,1,5726,5726,5726,1.00000000,1.00000000,1.00000000,8688.48916667,353556.50000000,8622.70000000,5,5,True
train_2020_2022,holdout,2020-01-01,2023-01-01 00:00:00,35,2,5726,11452,11452,1.00000000,1.00000000,1.00000000,17376.97833333,707113.00000000,17245.40000000,10,5,True
train_2020_2022,holdout,2020-01-01,2023-01-01 00:00:00,35,3,5726,17178,17178,1.00000000,1.00000000,1.00000000,26065.46750000,1060669.50000000,25868.10000000,15,5,True
train_2020_2022,holdout,2020-01-01,2023-01-01 00:00:00,35,4,5726,22904,22904,1.00000000,1.00000000,1.00000000,34753.95666667,1414226.00000000,34490.80000000,20,5,True
train_2020_2022,holdout,2020-01-01,2023-01-01 00:00:00,35,5,5726,28630,28630,1.00000000,1.00000000,1.00000000,43442.44583333,1767782.50000000,43113.50000000,25,5,True
train_2020_2022,holdout,2020-01-01,2023-01-01 00:00:00,35,6,5726,34356,34356,1.00000000,1.00000000,1.00000000,52130.93500000,2121339.00000000,51736.20000000,30,5,True
train_2020_2022,holdout,2020-01-01,2023-01-01 00:00:00,35,7,5726,40082,40082,1.00000000,1.00000000,1.00000000,60819.42416667,2474895.50000000,60358.90000000,35,5,True
train_2020_2022,holdout,2020-01-01,2023-01-01 00:00:00,35,8,5726,45808,45803,0.99989085,1.00000000,0.99982536,69505.05222222,2828237.00000000,68699.35000000,35,5,False
train_2020_2022,holdout,2020-01-01,2023-01-01 00:00:00,40,1,5726,5726,5726,1.00000000,1.00000000,1.00000000,8688.48916667,353556.50000000,8622.70000000,5,5,True
train_2020_2022,holdout,2020-01-01,2023-01-01 00:00:00,40,2,5726,11452,11452,1.00000000,1.00000000,1.00000000,17376.97833333,707113.00000000,17245.40000000,10,5,True
train_2020_2022,holdout,2020-01-01,2023-01-01 00:00:00,40,3,5726,17178,17178,1.00000000,1.00000000,1.00000000,26065.46750000,1060669.50000000,25868.10000000,15,5,True
train_2020_2022,holdout,2020-01-01,2023-01-01 00:00:00,40,4,5726,22904,22904,1.00000000,1.00000000,1.00000000,34753.95666667,1414226.00000000,34490.80000000,20,5,True
train_2020_2022,holdout,2020-01-01,2023-01-01 00:00:00,40,5,5726,28630,28630,1.00000000,1.00000000,1.00000000,43442.44583333,1767782.50000000,43113.50000000,25,5,True
train_2020_2022,holdout,2020-01-01,2023-01-01 00:00:00,40,6,5726,34356,34356,1.00000000,1.00000000,1.00000000,52130.93500000,2121339.00000000,51736.20000000,30,5,True
train_2020_2022,holdout,2020-01-01,2023-01-01 00:00:00,40,7,5726,40082,40082,1.00000000,1.00000000,1.00000000,60819.42416667,2474895.50000000,60358.90000000,35,5,True
train_2020_2022,holdout,2020-01-01,2023-01-01 00:00:00,40,8,5726,45808,45808,1.00000000,1.00000000,1.00000000,69507.91333333,2828452.00000000,68981.60000000,40,5,True
test_2023_plus,holdout,2023-01-01,2026-07-13 21:30:41,1,1,6932,6932,5071,0.73153491,0.73153491,0.73153491,8494.62750000,388421.50000000,24744.95000000,1,5,False
test_2023_plus,holdout,2023-01-01,2026-07-13 21:30:41,1,2,6932,13864,5071,0.36576746,0.73153491,0.00000000,8494.62750000,388421.50000000,24744.95000000,1,5,False
test_2023_plus,holdout,2023-01-01,2026-07-13 21:30:41,1,3,6932,20796,5071,0.24384497,0.73153491,0.00000000,8494.62750000,388421.50000000,24744.95000000,1,5,False
test_2023_plus,holdout,2023-01-01,2026-07-13 21:30:41,1,4,6932,27728,5071,0.18288373,0.73153491,0.00000000,8494.62750000,388421.50000000,24744.95000000,1,5,False
test_2023_plus,holdout,2023-01-01,2026-07-13 21:30:41,1,5,6932,34660,5071,0.14630698,0.73153491,0.00000000,8494.62750000,388421.50000000,24744.95000000,1,5,False
test_2023_plus,holdout,2023-01-01,2026-07-13 21:30:41,1,6,6932,41592,5071,0.12192249,0.73153491,0.00000000,8494.62750000,388421.50000000,24744.95000000,1,5,False
test_2023_plus,holdout,2023-01-01,2026-07-13 21:30:41,1,7,6932,48524,5071,0.10450499,0.73153491,0.00000000,8494.62750000,388421.50000000,24744.95000000,1,5,False
test_2023_plus,holdout,2023-01-01,2026-07-13 21:30:41,1,8,6932,55456,5071,0.09144186,0.73153491,0.00000000,8494.62750000,388421.50000000,24744.95000000,1,5,False
test_2023_plus,holdout,2023-01-01,2026-07-13 21:30:41,2,1,6932,6932,6630,0.95643393,0.95643393,0.95643393,10570.04388889,484560.50000000,26487.00000000,2,5,False
test_2023_plus,holdout,2023-01-01,2026-07-13 21:30:41,2,2,6932,13864,10142,0.73153491,0.73153491,0.73153491,16989.25500000,776843.00000000,49489.90000000,2,5,False
test_2023_plus,holdout,2023-01-01,2026-07-13 21:30:41,2,3,6932,20796,10142,0.48768994,0.73153491,0.00000000,16989.25500000,776843.00000000,49489.90000000,2,5,False
test_2023_plus,holdout,2023-01-01,2026-07-13 21:30:41,2,4,6932,27728,10142,0.36576746,0.73153491,0.00000000,16989.25500000,776843.00000000,49489.90000000,2,5,False
test_2023_plus,holdout,2023-01-01,2026-07-13 21:30:41,2,5,6932,34660,10142,0.29261396,0.73153491,0.00000000,16989.25500000,776843.00000000,49489.90000000,2,5,False
test_2023_plus,holdout,2023-01-01,2026-07-13 21:30:41,2,6,6932,41592,10142,0.24384497,0.73153491,0.00000000,16989.25500000,776843.00000000,49489.90000000,2,5,False
test_2023_plus,holdout,2023-01-01,2026-07-13 21:30:41,2,7,6932,48524,10142,0.20900997,0.73153491,0.00000000,16989.25500000,776843.00000000,49489.90000000,2,5,False
test_2023_plus,holdout,2023-01-01,2026-07-13 21:30:41,2,8,6932,55456,10142,0.18288373,0.73153491,0.00000000,16989.25500000,776843.00000000,49489.90000000,2,5,False
test_2023_plus,holdout,2023-01-01,2026-07-13 21:30:41,3,1,6932,6932,6897,0.99495095,0.99495095,0.99495095,10847.32166667,498709.00000000,26308.65000000,3,5,False
test_2023_plus,holdout,2023-01-01,2026-07-13 21:30:41,3,2,6932,13864,11701,0.84398442,0.95643393,0.73153491,19064.67138889,872982.00000000,51231.95000000,3,5,False
test_2023_plus,holdout,2023-01-01,2026-07-13 21:30:41,3,3,6932,20796,15213,0.73153491,0.73153491,0.73153491,25483.88250000,1165264.50000000,74234.85000000,3,5,False
test_2023_plus,holdout,2023-01-01,2026-07-13 21:30:41,3,4,6932,27728,15213,0.54865118,0.73153491,0.00000000,25483.88250000,1165264.50000000,74234.85000000,3,5,False
test_2023_plus,holdout,2023-01-01,2026-07-13 21:30:41,3,5,6932,34660,15213,0.43892095,0.73153491,0.00000000,25483.88250000,1165264.50000000,74234.85000000,3,5,False
test_2023_plus,holdout,2023-01-01,2026-07-13 21:30:41,3,6,6932,41592,15213,0.36576746,0.73153491,0.00000000,25483.88250000,1165264.50000000,74234.85000000,3,5,False
test_2023_plus,holdout,2023-01-01,2026-07-13 21:30:41,3,7,6932,48524,15213,0.31351496,0.73153491,0.00000000,25483.88250000,1165264.50000000,74234.85000000,3,5,False
test_2023_plus,holdout,2023-01-01,2026-07-13 21:30:41,3,8,6932,55456,15213,0.27432559,0.73153491,0.00000000,25483.88250000,1165264.50000000,74234.85000000,3,5,False
test_2023_plus,holdout,2023-01-01,2026-07-13 21:30:41,4,1,6932,6932,6931,0.99985574,0.99985574,0.99985574,10881.32722222,500385.00000000,25838.95000000,4,5,False
test_2023_plus,holdout,2023-01-01,2026-07-13 21:30:41,4,2,6932,13864,13260,0.95643393,0.95643393,0.95643393,21140.08777778,969121.00000000,52974.00000001,4,5,False
test_2023_plus,holdout,2023-01-01,2026-07-13 21:30:41,4,3,6932,20796,16772,0.80650125,0.95643393,0.73153491,27559.29888889,1261403.50000000,75976.90000000,4,5,False
test_2023_plus,holdout,2023-01-01,2026-07-13 21:30:41,4,4,6932,27728,20284,0.73153491,0.73153491,0.73153491,33978.51000000,1553686.00000000,98979.80000001,4,5,False
test_2023_plus,holdout,2023-01-01,2026-07-13 21:30:41,4,5,6932,34660,20284,0.58522793,0.73153491,0.00000000,33978.51000000,1553686.00000000,98979.80000001,4,5,False
test_2023_plus,holdout,2023-01-01,2026-07-13 21:30:41,4,6,6932,41592,20284,0.48768994,0.73153491,0.00000000,33978.51000000,1553686.00000000,98979.80000001,4,5,False
test_2023_plus,holdout,2023-01-01,2026-07-13 21:30:41,4,7,6932,48524,20284,0.41801995,0.73153491,0.00000000,33978.51000000,1553686.00000000,98979.80000001,4,5,False
test_2023_plus,holdout,2023-01-01,2026-07-13 21:30:41,4,8,6932,55456,20284,0.36576746,0.73153491,0.00000000,33978.51000000,1553686.00000000,98979.80000001,4,5,False
test_2023_plus,holdout,2023-01-01,2026-07-13 21:30:41,5,1,6932,6932,6932,1.00000000,1.00000000,1.00000000,10881.98833333,500459.50000000,25804.40000000,5,5,True
test_2023_plus,holdout,2023-01-01,2026-07-13 21:30:41,5,2,6932,13864,13527,0.97569244,0.99495095,0.95643393,21417.36555556,983269.50000000,52795.65000000,5,5,False
test_2023_plus,holdout,2023-01-01,2026-07-13 21:30:41,5,3,6932,20796,18331,0.88146759,0.95643393,0.73153491,29634.71527778,1357542.50000000,77718.95000000,5,5,False
test_2023_plus,holdout,2023-01-01,2026-07-13 21:30:41,5,4,6932,27728,21843,0.78775967,0.95643393,0.73153491,36053.92638889,1649825.00000000,100721.85000001,5,5,False
test_2023_plus,holdout,2023-01-01,2026-07-13 21:30:41,5,5,6932,34660,25355,0.73153491,0.73153491,0.73153491,42473.13750000,1942107.50000000,123724.75000000,5,5,False
test_2023_plus,holdout,2023-01-01,2026-07-13 21:30:41,5,6,6932,41592,25355,0.60961243,0.73153491,0.00000000,42473.13750000,1942107.50000000,123724.75000000,5,5,False
test_2023_plus,holdout,2023-01-01,2026-07-13 21:30:41,5,7,6932,48524,25355,0.52252494,0.73153491,0.00000000,42473.13750000,1942107.50000000,123724.75000000,5,5,False
test_2023_plus,holdout,2023-01-01,2026-07-13 21:30:41,5,8,6932,55456,25355,0.45720932,0.73153491,0.00000000,42473.13750000,1942107.50000000,123724.75000000,5,5,False
test_2023_plus,holdout,2023-01-01,2026-07-13 21:30:41,6,1,6932,6932,6932,1.00000000,1.00000000,1.00000000,10881.98833333,500459.50000000,25804.40000000,5,5,True
test_2023_plus,holdout,2023-01-01,2026-07-13 21:30:41,6,2,6932,13864,13794,0.99495095,0.99495095,0.99495095,21694.64333333,997418.00000000,52617.30000001,6,5,False
test_2023_plus,holdout,2023-01-01,2026-07-13 21:30:41,6,3,6932,20796,19890,0.95643393,0.95643393,0.95643393,31710.13166667,1453681.50000000,79461.00000001,6,5,False
test_2023_plus,holdout,2023-01-01,2026-07-13 21:30:41,6,4,6932,27728,23402,0.84398442,0.95643393,0.73153491,38129.34277778,1745964.00000000,102463.90000000,6,5,False
test_2023_plus,holdout,2023-01-01,2026-07-13 21:30:41,6,5,6932,34660,26914,0.77651471,0.95643393,0.73153491,44548.55388889,2038246.50000000,125466.80000000,6,5,False
test_2023_plus,holdout,2023-01-01,2026-07-13 21:30:41,6,6,6932,41592,30426,0.73153491,0.73153491,0.73153491,50967.76500000,2330529.00000000,148469.70000000,6,5,False
test_2023_plus,holdout,2023-01-01,2026-07-13 21:30:41,6,7,6932,48524,30426,0.62702992,0.73153491,0.00000000,50967.76500000,2330529.00000000,148469.70000000,6,5,False
test_2023_plus,holdout,2023-01-01,2026-07-13 21:30:41,6,8,6932,55456,30426,0.54865118,0.73153491,0.00000000,50967.76500000,2330529.00000000,148469.70000000,6,5,False
test_2023_plus,holdout,2023-01-01,2026-07-13 21:30:41,8,1,6932,6932,6932,1.00000000,1.00000000,1.00000000,10881.98833333,500459.50000000,25804.40000000,5,5,True
test_2023_plus,holdout,2023-01-01,2026-07-13 21:30:41,8,2,6932,13864,13862,0.99985574,0.99985574,0.99985574,21762.65444444,1000770.00000000,51677.90000001,8,5,False
test_2023_plus,holdout,2023-01-01,2026-07-13 21:30:41,8,3,6932,20796,20424,0.98211194,0.99495095,0.95643393,32264.68722222,1481978.50000000,79104.30000001,8,5,False
test_2023_plus,holdout,2023-01-01,2026-07-13 21:30:41,8,4,6932,27728,26520,0.95643393,0.95643393,0.95643393,42280.17555556,1938242.00000000,105948.00000001,8,5,False
test_2023_plus,holdout,2023-01-01,2026-07-13 21:30:41,8,5,6932,34660,30032,0.86647432,0.95643393,0.73153491,48699.38666667,2230524.50000000,128950.90000000,8,5,False
test_2023_plus,holdout,2023-01-01,2026-07-13 21:30:41,8,6,6932,41592,33544,0.80650125,0.95643393,0.73153491,55118.59777778,2522807.00000000,151953.80000000,8,5,False
test_2023_plus,holdout,2023-01-01,2026-07-13 21:30:41,8,7,6932,48524,37056,0.76366334,0.95643393,0.73153491,61537.80888889,2815089.50000000,174956.69999999,8,5,False
test_2023_plus,holdout,2023-01-01,2026-07-13 21:30:41,8,8,6932,55456,40568,0.73153491,0.73153491,0.73153491,67957.02000000,3107372.00000000,197959.60000001,8,5,False
test_2023_plus,holdout,2023-01-01,2026-07-13 21:30:41,10,1,6932,6932,6932,1.00000000,1.00000000,1.00000000,10881.98833333,500459.50000000,25804.40000000,5,5,True
test_2023_plus,holdout,2023-01-01,2026-07-13 21:30:41,10,2,6932,13864,13864,1.00000000,1.00000000,1.00000000,21763.97666667,1000919.00000000,51608.80000001,10,5,True
test_2023_plus,holdout,2023-01-01,2026-07-13 21:30:41,10,3,6932,20796,20725,0.99658588,0.99985574,0.99495095,32575.97055556,1497803.00000000,78456.25000001,10,5,False
test_2023_plus,holdout,2023-01-01,2026-07-13 21:30:41,10,4,6932,27728,27054,0.97569244,0.99495095,0.95643393,42834.73111111,1966539.00000000,105591.30000001,10,5,False
test_2023_plus,holdout,2023-01-01,2026-07-13 21:30:41,10,5,6932,34660,33150,0.95643393,0.95643393,0.95643393,52850.21944445,2422802.50000000,132435.00000000,10,5,False
test_2023_plus,holdout,2023-01-01,2026-07-13 21:30:41,10,6,6932,41592,36662,0.88146759,0.95643393,0.73153491,59269.43055556,2715085.00000000,155437.90000001,10,5,False
test_2023_plus,holdout,2023-01-01,2026-07-13 21:30:41,10,7,6932,48524,40174,0.82792020,0.95643393,0.73153491,65688.64166667,3007367.50000000,178440.79999999,10,5,False
test_2023_plus,holdout,2023-01-01,2026-07-13 21:30:41,10,8,6932,55456,43686,0.78775967,0.95643393,0.73153491,72107.85277778,3299650.00000000,201443.70000001,10,5,False
test_2023_plus,holdout,2023-01-01,2026-07-13 21:30:41,12,1,6932,6932,6932,1.00000000,1.00000000,1.00000000,10881.98833333,500459.50000000,25804.40000000,5,5,True
test_2023_plus,holdout,2023-01-01,2026-07-13 21:30:41,12,2,6932,13864,13864,1.00000000,1.00000000,1.00000000,21763.97666667,1000919.00000000,51608.80000001,10,5,True
test_2023_plus,holdout,2023-01-01,2026-07-13 21:30:41,12,3,6932,20796,20793,0.99985574,0.99985574,0.99985574,32643.98166667,1501155.00000000,77516.85000001,12,5,False
test_2023_plus,holdout,2023-01-01,2026-07-13 21:30:41,12,4,6932,27728,27588,0.99495095,0.99495095,0.99495095,43389.28666667,1994836.00000000,105234.60000001,12,5,False
test_2023_plus,holdout,2023-01-01,2026-07-13 21:30:41,12,5,6932,34660,33684,0.97184074,0.99495095,0.95643393,53404.77500000,2451099.50000000,132078.30000000,12,5,False
test_2023_plus,holdout,2023-01-01,2026-07-13 21:30:41,12,6,6932,41592,39780,0.95643393,0.95643393,0.95643393,63420.26333333,2907363.00000000,158922.00000002,12,5,False
test_2023_plus,holdout,2023-01-01,2026-07-13 21:30:41,12,7,6932,48524,43292,0.89217707,0.95643393,0.73153491,69839.47444444,3199645.50000000,181924.89999999,12,5,False
test_2023_plus,holdout,2023-01-01,2026-07-13 21:30:41,12,8,6932,55456,46804,0.84398442,0.95643393,0.73153491,76258.68555556,3491928.00000000,204927.80000001,12,5,False
test_2023_plus,holdout,2023-01-01,2026-07-13 21:30:41,15,1,6932,6932,6932,1.00000000,1.00000000,1.00000000,10881.98833333,500459.50000000,25804.40000000,5,5,True
test_2023_plus,holdout,2023-01-01,2026-07-13 21:30:41,15,2,6932,13864,13864,1.00000000,1.00000000,1.00000000,21763.97666667,1000919.00000000,51608.80000001,10,5,True
test_2023_plus,holdout,2023-01-01,2026-07-13 21:30:41,15,3,6932,20796,20796,1.00000000,1.00000000,1.00000000,32645.96500000,1501378.50000000,77413.20000001,15,5,True
test_2023_plus,holdout,2023-01-01,2026-07-13 21:30:41,15,4,6932,27728,27690,0.99862954,0.99985574,0.99495095,43491.30333333,1999864.00000000,103825.50000001,15,5,False
test_2023_plus,holdout,2023-01-01,2026-07-13 21:30:41,15,5,6932,34660,34485,0.99495095,0.99495095,0.99495095,54236.60833333,2493545.00000000,131543.25000000,15,5,False
test_2023_plus,holdout,2023-01-01,2026-07-13 21:30:41,15,6,6932,41592,40581,0.97569244,0.99495095,0.95643393,64252.09666667,2949808.50000000,158386.95000002,15,5,False
test_2023_plus,holdout,2023-01-01,2026-07-13 21:30:41,15,7,6932,48524,46677,0.96193636,0.99495095,0.95643393,74267.58500000,3406072.00000000,185230.64999998,15,5,False
test_2023_plus,holdout,2023-01-01,2026-07-13 21:30:41,15,8,6932,55456,51481,0.92832155,0.95643393,0.73153491,82484.93472222,3780345.00000000,210153.95000001,15,5,False
test_2023_plus,holdout,2023-01-01,2026-07-13 21:30:41,20,1,6932,6932,6932,1.00000000,1.00000000,1.00000000,10881.98833333,500459.50000000,25804.40000000,5,5,True
test_2023_plus,holdout,2023-01-01,2026-07-13 21:30:41,20,2,6932,13864,13864,1.00000000,1.00000000,1.00000000,21763.97666667,1000919.00000000,51608.80000001,10,5,True
test_2023_plus,holdout,2023-01-01,2026-07-13 21:30:41,20,3,6932,20796,20796,1.00000000,1.00000000,1.00000000,32645.96500000,1501378.50000000,77413.20000001,15,5,True
test_2023_plus,holdout,2023-01-01,2026-07-13 21:30:41,20,4,6932,27728,27728,1.00000000,1.00000000,1.00000000,43527.95333333,2001838.00000000,103217.60000001,20,5,True
test_2023_plus,holdout,2023-01-01,2026-07-13 21:30:41,20,5,6932,34660,34655,0.99985574,0.99985574,0.99985574,54406.63611111,2501925.00000000,129194.75000000,20,5,False
test_2023_plus,holdout,2023-01-01,2026-07-13 21:30:41,20,6,6932,41592,41450,0.99658588,0.99985574,0.99495095,65151.94111111,2995606.00000000,156912.50000002,20,5,False
test_2023_plus,holdout,2023-01-01,2026-07-13 21:30:41,20,7,6932,48524,48012,0.98944852,0.99495095,0.95643393,75653.97388889,3476814.50000000,184338.89999998,20,5,False
test_2023_plus,holdout,2023-01-01,2026-07-13 21:30:41,20,8,6932,55456,54108,0.97569244,0.99495095,0.95643393,85669.46222222,3933078.00000000,211182.60000002,20,5,False
test_2023_plus,holdout,2023-01-01,2026-07-13 21:30:41,24,1,6932,6932,6932,1.00000000,1.00000000,1.00000000,10881.98833333,500459.50000000,25804.40000000,5,5,True
test_2023_plus,holdout,2023-01-01,2026-07-13 21:30:41,24,2,6932,13864,13864,1.00000000,1.00000000,1.00000000,21763.97666667,1000919.00000000,51608.80000001,10,5,True
test_2023_plus,holdout,2023-01-01,2026-07-13 21:30:41,24,3,6932,20796,20796,1.00000000,1.00000000,1.00000000,32645.96500000,1501378.50000000,77413.20000001,15,5,True
test_2023_plus,holdout,2023-01-01,2026-07-13 21:30:41,24,4,6932,27728,27728,1.00000000,1.00000000,1.00000000,43527.95333333,2001838.00000000,103217.60000001,20,5,True
test_2023_plus,holdout,2023-01-01,2026-07-13 21:30:41,24,5,6932,34660,34659,0.99997115,1.00000000,0.99985574,54409.28055556,2502223.00000000,129056.55000000,24,5,False
test_2023_plus,holdout,2023-01-01,2026-07-13 21:30:41,24,6,6932,41592,41586,0.99985574,0.99985574,0.99985574,65287.96333333,3002310.00000000,155033.70000002,24,5,False
test_2023_plus,holdout,2023-01-01,2026-07-13 21:30:41,24,7,6932,48524,48381,0.99705300,0.99985574,0.99495095,76033.26833333,3495991.00000000,182751.44999998,24,5,False
test_2023_plus,holdout,2023-01-01,2026-07-13 21:30:41,24,8,6932,55456,55176,0.99495095,0.99495095,0.99495095,86778.57333333,3989672.00000000,210469.20000002,24,5,False
test_2023_plus,holdout,2023-01-01,2026-07-13 21:30:41,25,1,6932,6932,6932,1.00000000,1.00000000,1.00000000,10881.98833333,500459.50000000,25804.40000000,5,5,True
test_2023_plus,holdout,2023-01-01,2026-07-13 21:30:41,25,2,6932,13864,13864,1.00000000,1.00000000,1.00000000,21763.97666667,1000919.00000000,51608.80000001,10,5,True
test_2023_plus,holdout,2023-01-01,2026-07-13 21:30:41,25,3,6932,20796,20796,1.00000000,1.00000000,1.00000000,32645.96500000,1501378.50000000,77413.20000001,15,5,True
test_2023_plus,holdout,2023-01-01,2026-07-13 21:30:41,25,4,6932,27728,27728,1.00000000,1.00000000,1.00000000,43527.95333333,2001838.00000000,103217.60000001,20,5,True
test_2023_plus,holdout,2023-01-01,2026-07-13 21:30:41,25,5,6932,34660,34660,1.00000000,1.00000000,1.00000000,54409.94166667,2502297.50000000,129022.00000000,25,5,True
test_2023_plus,holdout,2023-01-01,2026-07-13 21:30:41,25,6,6932,41592,41587,0.99987978,1.00000000,0.99985574,65288.62444444,3002384.50000000,154999.15000002,25,5,False
test_2023_plus,holdout,2023-01-01,2026-07-13 21:30:41,25,7,6932,48524,48415,0.99775369,0.99985574,0.99495095,76067.27388889,3497667.00000000,182281.74999998,25,5,False
test_2023_plus,holdout,2023-01-01,2026-07-13 21:30:41,25,8,6932,55456,55210,0.99556405,0.99985574,0.99495095,86812.57888889,3991348.00000000,209999.50000002,25,5,False
test_2023_plus,holdout,2023-01-01,2026-07-13 21:30:41,30,1,6932,6932,6932,1.00000000,1.00000000,1.00000000,10881.98833333,500459.50000000,25804.40000000,5,5,True
test_2023_plus,holdout,2023-01-01,2026-07-13 21:30:41,30,2,6932,13864,13864,1.00000000,1.00000000,1.00000000,21763.97666667,1000919.00000000,51608.80000001,10,5,True
test_2023_plus,holdout,2023-01-01,2026-07-13 21:30:41,30,3,6932,20796,20796,1.00000000,1.00000000,1.00000000,32645.96500000,1501378.50000000,77413.20000001,15,5,True
test_2023_plus,holdout,2023-01-01,2026-07-13 21:30:41,30,4,6932,27728,27728,1.00000000,1.00000000,1.00000000,43527.95333333,2001838.00000000,103217.60000001,20,5,True
test_2023_plus,holdout,2023-01-01,2026-07-13 21:30:41,30,5,6932,34660,34660,1.00000000,1.00000000,1.00000000,54409.94166667,2502297.50000000,129022.00000000,25,5,True
test_2023_plus,holdout,2023-01-01,2026-07-13 21:30:41,30,6,6932,41592,41592,1.00000000,1.00000000,1.00000000,65291.93000000,3002757.00000000,154826.40000002,30,5,True
test_2023_plus,holdout,2023-01-01,2026-07-13 21:30:41,30,7,6932,48524,48519,0.99989696,1.00000000,0.99985574,76170.61277778,3502844.00000000,180803.54999998,30,5,False
test_2023_plus,holdout,2023-01-01,2026-07-13 21:30:41,30,8,6932,55456,55380,0.99862954,0.99985574,0.99495095,86982.60666667,3999728.00000000,207651.00000002,30,5,False
test_2023_plus,holdout,2023-01-01,2026-07-13 21:30:41,32,1,6932,6932,6932,1.00000000,1.00000000,1.00000000,10881.98833333,500459.50000000,25804.40000000,5,5,True
test_2023_plus,holdout,2023-01-01,2026-07-13 21:30:41,32,2,6932,13864,13864,1.00000000,1.00000000,1.00000000,21763.97666667,1000919.00000000,51608.80000001,10,5,True
test_2023_plus,holdout,2023-01-01,2026-07-13 21:30:41,32,3,6932,20796,20796,1.00000000,1.00000000,1.00000000,32645.96500000,1501378.50000000,77413.20000001,15,5,True
test_2023_plus,holdout,2023-01-01,2026-07-13 21:30:41,32,4,6932,27728,27728,1.00000000,1.00000000,1.00000000,43527.95333333,2001838.00000000,103217.60000001,20,5,True
test_2023_plus,holdout,2023-01-01,2026-07-13 21:30:41,32,5,6932,34660,34660,1.00000000,1.00000000,1.00000000,54409.94166667,2502297.50000000,129022.00000000,25,5,True
test_2023_plus,holdout,2023-01-01,2026-07-13 21:30:41,32,6,6932,41592,41592,1.00000000,1.00000000,1.00000000,65291.93000000,3002757.00000000,154826.40000002,30,5,True
test_2023_plus,holdout,2023-01-01,2026-07-13 21:30:41,32,7,6932,48524,48521,0.99993817,1.00000000,0.99985574,76171.93500000,3502993.00000000,180734.44999998,32,5,False
test_2023_plus,holdout,2023-01-01,2026-07-13 21:30:41,32,8,6932,55456,55448,0.99985574,0.99985574,0.99985574,87050.61777778,4003080.00000000,206711.60000002,32,5,False
test_2023_plus,holdout,2023-01-01,2026-07-13 21:30:41,35,1,6932,6932,6932,1.00000000,1.00000000,1.00000000,10881.98833333,500459.50000000,25804.40000000,5,5,True
test_2023_plus,holdout,2023-01-01,2026-07-13 21:30:41,35,2,6932,13864,13864,1.00000000,1.00000000,1.00000000,21763.97666667,1000919.00000000,51608.80000001,10,5,True
test_2023_plus,holdout,2023-01-01,2026-07-13 21:30:41,35,3,6932,20796,20796,1.00000000,1.00000000,1.00000000,32645.96500000,1501378.50000000,77413.20000001,15,5,True
test_2023_plus,holdout,2023-01-01,2026-07-13 21:30:41,35,4,6932,27728,27728,1.00000000,1.00000000,1.00000000,43527.95333333,2001838.00000000,103217.60000001,20,5,True
test_2023_plus,holdout,2023-01-01,2026-07-13 21:30:41,35,5,6932,34660,34660,1.00000000,1.00000000,1.00000000,54409.94166667,2502297.50000000,129022.00000000,25,5,True
test_2023_plus,holdout,2023-01-01,2026-07-13 21:30:41,35,6,6932,41592,41592,1.00000000,1.00000000,1.00000000,65291.93000000,3002757.00000000,154826.40000002,30,5,True
test_2023_plus,holdout,2023-01-01,2026-07-13 21:30:41,35,7,6932,48524,48524,1.00000000,1.00000000,1.00000000,76173.91833333,3503216.50000000,180630.79999998,35,5,True
test_2023_plus,holdout,2023-01-01,2026-07-13 21:30:41,35,8,6932,55456,55451,0.99990984,1.00000000,0.99985574,87052.60111111,4003303.50000000,206607.95000002,35,5,False
test_2023_plus,holdout,2023-01-01,2026-07-13 21:30:41,40,1,6932,6932,6932,1.00000000,1.00000000,1.00000000,10881.98833333,500459.50000000,25804.40000000,5,5,True
test_2023_plus,holdout,2023-01-01,2026-07-13 21:30:41,40,2,6932,13864,13864,1.00000000,1.00000000,1.00000000,21763.97666667,1000919.00000000,51608.80000001,10,5,True
test_2023_plus,holdout,2023-01-01,2026-07-13 21:30:41,40,3,6932,20796,20796,1.00000000,1.00000000,1.00000000,32645.96500000,1501378.50000000,77413.20000001,15,5,True
test_2023_plus,holdout,2023-01-01,2026-07-13 21:30:41,40,4,6932,27728,27728,1.00000000,1.00000000,1.00000000,43527.95333333,2001838.00000000,103217.60000001,20,5,True
test_2023_plus,holdout,2023-01-01,2026-07-13 21:30:41,40,5,6932,34660,34660,1.00000000,1.00000000,1.00000000,54409.94166667,2502297.50000000,129022.00000000,25,5,True
test_2023_plus,holdout,2023-01-01,2026-07-13 21:30:41,40,6,6932,41592,41592,1.00000000,1.00000000,1.00000000,65291.93000000,3002757.00000000,154826.40000002,30,5,True
test_2023_plus,holdout,2023-01-01,2026-07-13 21:30:41,40,7,6932,48524,48524,1.00000000,1.00000000,1.00000000,76173.91833333,3503216.50000000,180630.79999998,35,5,True
test_2023_plus,holdout,2023-01-01,2026-07-13 21:30:41,40,8,6932,55456,55456,1.00000000,1.00000000,1.00000000,87055.90666667,4003676.00000000,206435.20000002,40,5,True
